x_0,x_1,x_2,x_3,x_4,x_5,x_6,x_7,x_8,x_9,x_10,x_11,x_12,x_13,x_14,x_15,x_16,x_17,x_18,x_19,x_20,x_21,x_22,x_23,x_24,x_25,x_26,x_27,x_28,x_29,x_30,x_31,x_32,x_33,x_34,x_35,y
65.1,78.8,63.5,66.7,87.1,74.11851852,61.78939394,93,65.59438202,60.5,60.89444444,70.83633721,58.41171171,60.03597561,60.92565598,60.6,60,60.8,60,79.66309524,42.11547619,72.8452381,70.67142857,55.66636364,52.63043478,77.6,72.49954338,65.76170213,46.19473684,59.7259542,52.76740331,68.21418919,56.93244048,52.9,60.1,60.9,1
34.33150685,56.98732394,52.2,47.3,66.48309859,54.03793103,67.69793814,60.38873239,53.82323944,57.06923077,49.87008547,55.43357664,60.59744898,59.66197183,60.37924528,87.5,60,60.4,59.3,72.1,66.8,63.8,60.9,66.75142857,71.01944444,89.4,70.18651685,70.03956044,59.76666667,50.29345238,73.58128342,52.74507042,63.74669261,64.5,60,60.6,0
36.1,45.81818182,61.2,59.5,60.81176471,63.552,48.57105263,68.2,60.80810811,66.40813008,60.91926606,67.2,55.1,61.65,63.28805461,64.2,60,60.5,53.9,71.8,56.49137931,53.1,69.1,68.5875,54.5625,38,69.10649351,61.042,70.35344828,73.18122977,73.12553191,42.55,62.83422819,60.67,60,60.6,0
79.7,70.44857143,36.3,62.2,59.6,64.84137931,74.77391304,69.7,71.51914894,61.57348066,71.70628931,69.23082192,55.94833333,70.00107527,63.74,65.2,60,60.7,62,51.40705882,38.1,60,58.5,44.9943662,60.81372549,81.2,65.20125,53.68962963,62.15354331,66.89766082,43.94574468,70.15,64.36979472,79.4,60,60.7,1
70.8,37.83731343,67.9,65.6,33.3,47.23561644,60.94324324,64.3,62.3091954,64.27313433,69.51238095,51.76872587,54.40220994,61.54013605,59.76529851,63.6,60,60.2,64.7,78.7,56.4,66.96164384,42.07391304,51.56344086,62.92631579,84.5,74.33142857,53.14390244,54.04848485,68.99557196,71.2,74.53821138,59.41706349,60.4,60,60.8,0
72.8,52.9,67.8,58.7,50.7,57.95384615,64.40789474,60.1,63.60892019,70.42631579,59.96666667,65.03884298,59.59328859,47,61.06219512,63.6,60,60.3,57.7,60.9,60.58518519,73.9,62.8,71.01204819,63.23888889,79.1,70.61578947,70.99011628,52.55526316,65.54782609,58.06261682,63.5,62.75738397,55.8,60,60.5,0
61.4,57.82931034,64.3,56.6,62.2,63.64477612,55.88666667,44.57272727,61.6862069,68.4345679,68.46134969,52.31701031,45.45174129,68.06783626,58.84757709,37.8,60,60.6,65,73.80689655,58.5,58.24444444,64.3,58.89166667,60.15393258,84.7,72.56881188,50.48823529,57.9,72.55076142,62.36129032,77.17711864,63.22424242,63.6,60,60.3,0
51.3,60,73.2,74.8,53.84925373,60.46956522,68.99210526,70.1,65.01973684,66.06363636,70.25363636,71.05024155,66.1130719,58.15958904,64.76343284,45.7,60.008,60.36842105,65.1,67.3,46.2,61.30243902,54.3,51.81382979,49.39264706,63.2,61.70613497,73.46511628,55.75511811,44.90860927,61.88323353,50.30859375,61.99746377,50.8,60.1,60,1
42.7,59.1,66.43291139,72.50769231,72,65.25539568,58.69318182,71.1,67.04409938,61.84797688,62.09861111,56.39904306,62.24634146,63.74861111,65.36666667,41.5,60.1,60.9,76.2,62.4,56.4,61.7,38,65.11494253,60.25070423,57.7,62.96086957,56.38961039,56.12268041,57.8648,57.32446809,58.40357143,61.48539326,64.7,60,60.6,1
62.8,55.97272727,68.6,59.4,56.1,76.23295455,53.91571429,81,66.92048193,64.925,50.70471698,45.15671642,54.1130719,55.17633588,60.23171806,63.9,60,60.5,93.8,58.38983051,78.1,88.1,62.4,73.75978261,67.45138889,75.1,70.9880597,67.5,68.67063492,54.61554054,68.34745763,60.96923077,61.35527426,56.6,60,60.1,1
78.3,57.3,68,49.26842105,60.7,57.96422018,67.18072289,78.3,69.27142857,53.61,55.98076923,58.70837989,51.17164179,74.78832117,60.46666667,63.6,60,60.5,70.7,58.6,54.2,66.4,52.8,52.00777778,76.31071429,58.46296296,71.04274194,70.71186441,65.44693878,53.09112903,74.94652406,71.35804598,63.01800948,63.9,60,60.3,0
61.4,73.67435897,57.48955224,68,61.4,45.6025,73.33731343,82.33658537,65.90472441,59.56186441,58.45918367,69.06992481,67.02827586,59.98496241,62.82180095,50.2,60,60.7,75.9,90,71.8,69.2,55.5,54.5761194,54.77586207,52.11578947,62.174375,33.8,59.54919355,64.11950207,62.06193548,65.70992366,60.65,33.3,60,60,1
66.33114754,70,69.8,63.50806452,53.5,53.1,53.7,62.1,71.47012195,71.05409836,66.00612245,58.56514523,55.76337209,65.76883117,61.83131313,62.7,60,60,55.5,61.2,50.2,62.1,56.93636364,65.28363636,71.05,85.8,68.46558442,61.042,61.40606061,72.32222222,59.44644809,59.15,61.67934783,63.9,60,60.5,0
82,66.8,77.9,78.7,69.2,70.68208955,70.21153846,79.7,75.91843972,75.44414414,73.59350649,71.51232877,67.13823529,58.45608108,61.53056995,53.9,60,60.6,38.4,60.95362319,47.7,60.4,50.7,65.33417722,66.20277778,63.45507246,58.95721649,44.9,46.91696429,57.49661836,62.15454545,49.89428571,60.84784689,62,60,60,1
54.8,84.6,45.5,39.4,62.4744186,57.65652174,62.24678899,74.9091954,67.27582418,85.80214286,55.34621212,51.92962963,64.90529412,59.25277778,62.696875,73.1,60,60.8,57.10294118,49.54054054,67.4,44.3,66.1,56.0721519,63.16415094,63.1,69.86308725,54,68.89551282,65.83901734,62.3876652,58.80765306,63.09068323,60,60,60.6,1
67.3,67.49444444,72.6,77.1,81.8,59.52278481,62.98243243,73.4,63.59452736,72.74861878,73.31391304,64.82,53.39680851,52.49214286,60.46828571,60.9,60,60.9,59.41449275,46.3,30.9,49.7,59.9,71.78409091,64.72253521,91.1,63.23924731,29.7,51.87417219,54.12131783,74.17755102,63.14739884,58.84942857,60.4,60.1,60.8,1
71.9,78,47,60.1,48.4,50.11444444,70.4119403,66.03692308,61.62202381,58.9,76.60265487,72.42303922,57.76455696,62.18897638,60.04166667,64.2,60,60.5,49.6,45.2,64.8,59.3,41.7,49.63387097,64.21176471,66.6,67.84567901,53.82290076,65.25572519,70.47301587,62.58105263,62.37591241,61.85466667,63.1,60,60.1,1
62.3,60.09836066,61.3,64.5,77.1,74.53577982,65.95972222,66.1,54.51854839,63.8887218,64.91504425,69.390625,52.61847134,54.51142857,64.2536,58.7,60,60.5,33.9,61.47301587,60.7,57.3,59.4,55.06511628,59.32857143,52.30655738,63.73469388,52.6372093,56.5775,56.23514851,58.18992806,59.3016129,56.63067729,54.9,60,60.5,1
52.2,62,66.7,43.69277108,44.3,66.10121951,54.38382353,70.26666667,62.84388889,65.08870968,69.70714286,61.396,49.79661017,65.89833333,62.60314961,63.6,60,60.5,61.3,65.5,70.8,57.7,53.4,53.1109375,64.15084746,78.2,69.18275862,76.2375,50.63194444,61.4588785,72.55388601,61.97272727,61.10894309,64.2,60,60.5,0
53.73918919,54.5,60.6,51.29459459,50,59.43809524,51.31428571,67.89864865,57.52074468,72.95241935,59.43076923,70.14147727,62.13583815,69.34180791,57.32695652,71.1,60,60,79.48153846,65.33,54.08769231,48.3,35.7,68.69032258,53.52151899,53.90923077,65.27150838,70.67697368,67.16388889,65.72628205,66.28457711,69.24596273,63.8047619,60.5,60,60.7,0
70.1,71.6,85.5,68.5,53.5,46.68446602,62.47534247,54.4,61.76984127,68.19597315,64.44615385,58.67443609,60.87,57.15086207,60.4743295,62.6,60,60,83.2,51,58.2,60.35806452,68,61.29350649,71.67466667,58.5,61.79285714,60.60666667,56.59207921,57.42702703,66.14375,64.47595628,63.08666667,65,60,60.9,0
86.4,90.16,73.3,66.6,42.23275862,62.61234568,69.03103448,76.3,61.76308725,53.24122137,53.98562092,59.15668449,66.59299363,56.21126761,61.94672897,63.6,60,60.1,81.2,75.5,67.2,67.1,68.9,56.36568627,56.44504505,62.5,62.21532847,66.34328358,56.947,49.09212598,61.28616352,71.20847458,60.525,64.2,60,60.5,0
62.7,60.8,58.5,71.5,49.82142857,54.47384615,64.17142857,73.8,64.02578616,64.06,71.98378378,60.26454183,50.87172414,48.15604396,60.66666667,62.037,60,60.3,42.6,50.5,63.2,36.64242424,45.2,64.79545455,65.86746988,81.3,72.07956204,69.97848837,59.90384615,55.31747573,73.7962963,54.8519685,61.54145455,64.8,60,60.7,0
48.34487179,63.3,59.9,70.2,65.8,48.9038835,63.75274725,70.1,67.26141304,75.34827586,64.64533333,70.70619469,68.57833333,63.81016949,55.55061728,64.8,60,60.8,43.7,55.3,72.7,62.2,68.11020408,60.64489796,48.74313725,46.51153846,58.08785047,70.46513158,56.94693878,55.25168539,58.05145631,62.29477124,74.47984496,63.9,60,60.2,1
61.9,63.6,63.4,63.2,57.44285714,50.97272727,62.91454545,40.1,54.16100629,58.82626263,56.0568,55.48695652,57.01371429,64.57058824,63.8572549,76.7,60,60.3,65.6,81.8,65.1,63.4,79.3,65.02894737,63.95507246,69.2,70.33950617,47.2,58.64022989,69.05789474,62.04303797,66.5503937,55.95650407,60.1,60,60.7,0
68.9,58.9,59.4,49.84754098,54.93770492,79.8030303,69.20952381,76.7,64.99034091,43.12043011,59.37241379,55.40244898,48.45806452,59.45882353,61.09834711,60.5,60,60.7,84.2,36.5,70.8,66.3,69.7,60.25194805,65.66184211,86.5,68.88815789,63.9943662,63.49726027,64.51607143,55.51566265,70,60.52752809,65.4,60,60.9,1
70.4,77.33943662,60.4,55.9,50.7,80.33253012,62.98615385,83.77142857,67.38679245,79.5,67.28507463,57.14448276,72.52660099,72.63023256,62.29522184,80.8,60,61,28.5,64.7,66.4,70.7,83.7,65.78018868,56.37954545,64.575,65.26626506,65.6744186,64.88230088,60.8296748,58.39212121,60.53809524,61.74433657,63.9,60,60.7,1
80.2,58.61333333,61.3,35.3,62.2,62.56593407,74.65616438,64.6,65.77807487,39.84824561,28.9,52.60604651,62.08429319,66.30434783,58.65947368,63.1,60,60.2,81.6,75.3,67.9,59.3,95.5,71.82368421,79.55454545,63.6,67.85714286,61.72777778,62.90223881,62.2627027,62.91865285,65.8173913,64.77382199,63.1,60,60.3,0
56.23389831,83.2,43.1,55.3,62.3,49.64057971,64.26071429,74.5,66.19103448,61.14956522,79.4195122,61.74473684,57.40094787,60.3,58.35361111,65.2,60,60.7,49.63863636,64.3,52,79.5,71.4,56.61857143,76.7393617,92.6,58.97669903,56.4,63.54222222,61.76741573,61.9566879,62.56666667,64.78781163,64.9,60.1,60.9,0
57.8,87.92823529,83,65.3,56.3,79.49259259,58.87622951,73.1,67.27321429,64.06,52.04516129,52.26995305,63.17972028,64.41071429,59.05441696,45,60,60.4,62.4,66.4,59.8,76.1,79.3,86.56363636,51.17142857,52.3,66.45263158,46.75714286,56.36197183,54.13314917,60.56208791,49.95460123,66.92953737,64.2,60,60.5,1
84.1,56.4,70,68.2,55.8,60.62043011,77.23768116,70.16615385,66.96257669,64.06,63.13043478,71.53585859,63.92738854,58.15820896,61.92743363,59.4,60,60.5,62.5,58.5,84.8,43.8,68.8,75.94722222,67.209375,59.5,58.76979866,61.042,58.18456376,60.05225564,54.56706587,56.87669173,58.17881356,63.2,60,60.2,1
49.6,51.21929825,51.9,54.4,51.6,62.45897436,58.78421053,56.4,67.70144928,74.84190476,65.42179487,59.17407407,57.15955056,50.975,59.67241379,64.2,60,60.3,77,51.1,62.6,70.7,42.95616438,57.74660194,61.62307692,83.2,67.11052632,51.45243902,54.04,75.0304878,65.10564516,68.39933333,61.93956522,63.9,60,60.4,0
59.1,73.1,68.08860759,69.93703704,33.13291139,58.10526316,63.21847826,82.77721519,71.60711111,55.45323741,50.85194805,55.55,73.61325301,77.08846154,61.71258741,58.7,60.1,60.8,74.5,78.3,59.3,73.1,67.42,63.6984127,59.63928571,39.8,58.49733333,62.65253165,68.25120482,49.24654088,70.73049327,64.77361963,61.54898649,53.1,60,60.4,1
68.8,59.3617284,70.6,89.1,66.5,56.09858156,76.84125,75.97407407,66.66358696,79.9049505,42.35189873,80.06875,71.325,65.4728972,59.69701493,59.3,60,60.6,72.5,69.9,47.7,51.5,56.3,47.6627451,61.53478261,46.8,58.06875,44.6,59.42690058,48.43515358,57.33270142,54.76779661,60.22883212,60.3,60,60.3,1
54.9,50.84722222,75.5,72.9,35.3,58.34303797,69.94556962,63.9,59.46824324,64.06,52.83934426,63.77656904,62.16575342,54.45461538,60.83950178,60.7,60.008,60.29411765,82.75172414,41.51864407,83.6,64.7,60,73.50694444,57.88604651,88.3,65.3,60.9,65.98529412,50.87401575,63.33734177,69.4951049,63.33465704,64.5,60,60.7,0
69.22058824,59.8,77.1,64.72941176,67.7,56.55784314,65.84929577,86.6,61.97365269,58.1,57.93333333,59.14834123,65.38793103,63.55833333,62.13276596,63.1,60,60.1,73.56557377,51.3,64.8,65.02131148,48,59.86,71.98253968,66.1,59.73772455,67.45302013,57.94552846,55.8993865,60.39322034,55.50588235,61.03584071,64.5,60,60.7,1
67.2,64,79.7,58.3,64.1,80.84311927,62.8939759,78.5,57.63743842,72.99448276,46.06984127,65.25035461,54.33352941,63.86965517,61.78897959,63.1,60,60.2,77.4,68.716,83,57.6,63.5,55.65934066,62.88552632,82.5,69.75974026,61.042,55.74294479,52.42996516,63.34449153,56.84262295,60.78151261,73.5,60,60.5,0
87.4,75.3,56.4,42.12777778,71.8,49.52195122,58.1925,66.7,64.7979798,72.88714286,54.23362069,56.34252874,61.19863014,65.85257143,58.19761905,56.5,60,60.6,57.4,67.86969697,54.2,74.3,57,66.85842697,68.85,54.14891304,70.29913043,68.4928,58.47537313,74.41554054,66.93269231,77.73389831,64.41573427,61,60,60.8,0
31.7,82.4,77.1,51.2,60.2,56.9125,61.10140845,71.9,67.11967213,81.70327869,56.08640777,65.41649485,46.95769231,60.44796748,63.11974249,63.9,60,60.2,73.2,69.63384615,68.4,51.3,80.6,63.98039216,70.52705882,52.44153846,63.48888889,55.48888889,66.74318182,61.71074074,62.267,67.4106383,59.47336245,56,60,60.5,0
59.4,51.7,53.0060241,58.76746988,71.6,48.74042553,57.23888889,57.2,55.82467532,58.53846154,81.18571429,55.72126437,61.18888889,46.69166667,58.92988048,62.037,60,60.3,43.2,65.9,45.2,68.34807692,37.5,52.86428571,69.09615385,90.3,67.78688525,67.69647059,65.493125,62.56923077,51.40454545,77.40232558,64.2535865,60.1,60,60.5,0
51.95882353,57.78235294,45.5,59.5,54.4,40.40681818,70.90735294,50.2,67.97228261,61.64054054,66.0601626,58.45797101,51.7,63.74246575,58.90338983,36.3,60,61.4,68.95454545,61.5,70.1,72.3,60.97878788,60.4575,61.375,73.6,69.56648352,83.7,54.35111111,69.2544484,70.89090909,67.1,63.06760563,51.1,60,60.8,0
53.06716418,70.5,50,63.9,64.91791045,65.01261261,61.30253165,79.8,69.86758621,90,54.2825,66.74541063,69.39934211,75.87435897,61.82747748,47.1,60,60.7,48.6,69.1,63.3,54.4,60.3,50.9671875,56.11851852,55.4,58.75921053,51.0744186,70.81442308,44.135,59.16140351,59.25230769,61.67541667,63.5,60,60,1
50,64.1,36.6,45.8,70.6,56.35934959,63.475,84.3,75.50388889,70.4556,72.9902439,64.272,69.59208333,72.42771084,60.92356495,60.5,60,60.8,52.5,53,67,40.2,60.7,64.23529412,63.76097561,76.5,58.74859813,87.74,56.01232877,66.98649789,55.15185185,58.21793893,62.3897281,64.5,60,60.6,1
67.2,73.18153846,69.7,75.2,83.8,59.80125,63.24516129,73.8,67.85519126,77.51018519,69.23802817,65.11130435,62.59539171,50.35706215,58.84630872,64.5,60,60.7,58.7,71.48533333,59.1,75.3,61.7,53.71304348,57.66478873,79.2,68.7365,61.042,56.19782609,47.20153846,64.65828877,54.36692308,61.58245033,64.5,60,60.7,1
50.5,54.4,58.7,73.7,80.9,66.18125,60.65052632,82.5,75.39021739,67.98571429,69.40625,58.00813008,57.38266667,55.64144144,63.99837398,64.3,60,60.7,54.2,66.2,54.4,42.79811321,49.9,72.37142857,68.50566038,69.2,66.87449664,64.64954545,63.98907563,64.68333333,52.31290323,60.9,59.37333333,63.6,60,60.3,1
65,85,55.6,75.9,53.9,81.72045455,61.5258427,54.88714286,62.61560694,70.44013158,64.607,64.87364865,62.82743902,55.54418605,62.32893773,64.2,60,60.6,58.7,51.2,52.4,63.7,44.5,51.96136364,58.31875,81.8,73.53067485,61.042,56.39221557,64.73796992,56.62934783,64.4745098,60.69625468,64.5,60,60.7,0
72.4,91.40131579,59.1,85.1,61.59506173,82.28653846,75.41976744,67.87631579,62.71297297,69.80666667,52.61372549,63.47945205,74.32163743,63.38062016,61.56790541,73.4,60,60.7,62.53275862,78.3,77.6,63.8,54,58.43235294,59.15964912,66.1,62.47393939,57.50970149,50.46918605,47.60666667,65.65025381,65.30653595,62.40721311,52.3,60,60.4,1
80.3,79.04166667,58.4,69.2,32.5,73.245,68.51034483,87.7,75.35797101,72.77478261,65.10166667,68.11351351,60.12594937,60.65,61.8877193,64.2,60,60.5,76.9,54.6,61.6,68.2,55.1,60.33188406,61.15357143,80.2,66.82258065,61.85043478,63.14347826,51.87727273,49.94967742,69.25528455,61.67056277,42.5,60,60.5,1
33.2,63.2,59.9,51.4,72.2,57.24628099,66.815,91.55974026,60.43164557,64.06,54.01029412,57.75992647,53.18974359,67.03432836,61.51660517,64.2,60,60.5,69.4,70.83823529,79.6,71.2,65.08,49.91566265,69.36086957,66.9,69.1273743,67.06447368,68.83841463,57.7372093,59.47932961,47.72830189,65.76094891,63.6,60,60.3,0
62.7,64.2,72.10684932,63.93333333,49.74520548,70.1525,67.62608696,73.2,64.38181818,64.42020202,70.27640449,83.0893617,70.4929078,74.56489362,57.81222707,64.6,60.1,60.8,48,61.9,65.4,66.1,48.9,43.12058824,63.36458333,32.2,60.23193277,55.28878505,66.70486111,61.79855072,61.72368421,52.27708333,63.32648221,63.2,60,60,1
66.7,73.50163934,58,74.9,70.4,56.01111111,75.92096774,75.5,75.66666667,64.06,48.04709677,59.33048327,63.04752475,50.47870968,64.64341463,64.2,60,60.5,74.3,47.1,53.87605634,61.6,64.4,57.01948052,57.85714286,62.7,69.43402062,61.042,55.34014599,51.24680851,47.29463087,45.59059829,58.78611111,63.2,60,60,1
72.4,82.84285714,60.5,61.2,95.8,80.70967742,78.77142857,71,63.60746269,58.82882353,53.66483516,53.54520548,59.97,60.58220859,59.21103203,64.2,60,60.6,74.4,52.2,76.8,63.6,47.1,54.0060241,67.37435897,54,68.07142857,51.36346154,50.1462963,46.94125,56.00324675,40.28731343,61.62198582,64.2,60,60.5,1
57.8,40.5,54.6,49,69.5,59.91153846,50.02884615,55,62.33,68.03552632,78.084375,62.61078838,61.3875,63.09276316,60.86491228,73.2,60,60.4,54.9,33,39.77435897,56.78591549,63,68.116,65.44691358,76.2,57.89700599,69.5856,72.01325301,80.08928571,62.50067568,55.3,63.53636364,64.3,60,60.8,0
38,40.8,63.1,66.1,54.9,48.58974359,57.30487805,64,67.112,68.9931677,66.64897959,42.13317073,65.62063492,65.7,61.36949153,51.5,60,60.1,91.6,56.69615385,71.2,68.6,68.6,61.81678832,62.57590361,48.1,59.98,78.06666667,61.18956522,69.02888889,78.36818182,66.17151899,61.39823009,64.7,60,60.5,0
48.9,70.3195122,55.7,82.9,53.8,72.22571429,68.27763158,88.27234043,73.36883117,63.27318841,56.89583333,73.23880597,36.82594595,64.85695364,60.86150794,54.5,60,61.3,62.8,79.9,47.9,55,66.3,48.27888889,64.30441176,84.6,68.81358025,72.8,60.62758621,49.20654206,52.91212121,44.47278481,57.8816,64.2,60,60.5,0
68,57,70.8,75.1,66.5,58.442,65.05,71.3,67.25804196,64.31877551,55.92645161,41.91719457,69.90394265,51.476,63.30703812,65,60,60.7,75.5496063,59,73.5,62.8,63.9,65.0625,70.07211538,76.8,61.53598485,58.16829268,54.81391304,65.85512195,54.13557047,60.47083333,60.99824561,60.6,60,41,1
77.6,62.6,91.9,71.8,59.5,71.55408163,68.91184211,66.2,64.05306122,55.5912,40.34104478,45.61447368,56.075,51.75671642,61.17137546,53.6,60,60.7,90.7,58.325,92.5,62.6,85.5,65.41181818,65.10422535,82.7,71.28562092,52.45462963,57.57922078,36.08931298,70.84312796,54.33687151,60.23828996,63.5,60,60.5,0
78,73,70.6,70.5,59.8,65.28918919,55.75294118,68.9,64.91414141,63.67346939,66.24295302,54.12243346,61.30488889,62.54651163,60.95017544,63.5,60,60.4,70.2,70.42564103,57.85641026,51.7125,52.1,78.36956522,63.5,82.03333333,63.1042735,61.042,61.96312057,57.77179487,56.90927835,58.1,61.50109091,64.6,60.1,60.8,0
61.1,76.05,62.66447368,76.3,71.4,71.21666667,64.12037037,54.09605263,66.98510638,70.05103448,55.85949367,57.06758621,61.47925926,71.35,60.18490566,64.5,60.008,60.2,61.2,59.5,65.7,66.32857143,64.1,47.41086957,63.1137931,82.5,66.94615385,59.23736264,59.3,34.22698413,53.03777778,70.70107527,62.8754902,65.4,60,60.7,0
42.1,52.6,74.5,53,38.4,62.36790123,73.39516129,48.0557377,60.03580247,66.77674419,71.76,59.70218182,55.6310559,41.25263158,62.15296053,78.9,60,60.4,46.87222222,58.16133333,50.7,55.5,64.8,74.6939759,67.99836066,81.6,72.53486842,67.6,72.67090909,59.59083969,67.51898734,60.99538462,62.14662162,65.2,60,60.7,0
64.6,57.8,52.7,63.6,44,45.37913043,77.67027027,64.8,72.31812865,91.3,60.78,67.03660714,54.75764706,64.25882353,58.85510204,60,60,60.7,65.705,49.3,77.2,63.9,64.6,58.52112676,72.37419355,52.3,63.89221557,68.4,73.41260504,58.40611511,46.36321244,64.2,61.52366412,60.67,60,60.2,1
56.915,63,46.4,49.08474576,65.1,65.84117647,57.616,65.4,65.39602649,61.628,55.91526718,59.12631579,55.5862069,59.35285714,66.00443686,51.5,60,60.6,80.7,63.54096386,51.2,65.2,67.1,43.37788462,60.84078947,83.5,62.98693467,61.27411765,65.98448276,65.50590717,62.61192053,67.50847458,61.20557491,56.2,60,60.8,0
71.5,78.71176471,86.6,45.1,72.6,72.69705882,71.23571429,83,54.55801105,66.37142857,72.35972222,74.69620853,75.8875,58.76029412,61.28359375,59.3,60,60.4,57.4,74.5,50,37.5,53.86842105,54.34647887,63.51969697,64.5,57.60743243,74.11381579,42.07880795,62.368,59.85637255,70.27697368,61.491,60.67,60,60.33,1
64,56.4,62.3,70.9,78.5,52.16315789,62.73623188,82.93076923,70.71552795,65.54120603,75.75797101,63.09333333,59.99050279,39.34357143,59.20457746,54.9,60,60.5,42.1,71.1,57.7,66.3,67.5,54.56666667,64.91791045,65.9,75.82445652,73.38202247,69.28101266,56.35233645,55.97391304,51.41006711,62.433213,48.5,60,60.6,0
66.4,75.40253165,66.7,61.2,80,70.08320611,62.16106195,90.2,57.80344828,67.23846154,46.93265306,55.25470852,64.15414013,59.7,56.67958333,63.9,60,60.5,90.7,84,80.2,62.3,74.8,51.5012987,64.26607143,53.9,64.12585034,61.28291457,48.96086957,60.98594595,62.264375,52.12663317,64.19297521,63.9,60,60.3,1
68.9,66.96338028,54.9,62.2,53,50.88607595,67.49850746,72,65.03405405,50.6261194,63.76423358,52.5557377,62.52711864,54.00149254,64.74649682,60.1,60,60.5,62.5,62.4,50.6,59.3,70.2,69.09761905,70.32835821,76.1,68.25502959,65.7,65.32777778,66.96510638,63.62083333,49.3503268,57.89636964,53,60.1,61,0
68.4,57.69850746,67.4,65.1,52.9,55.53943662,64.10454545,88.4,69.10795455,79.07533333,63.4826087,67.56309524,74.45139665,68.2,59.95486381,64.5,60,60.7,48.6,61.8,60.8,44.2,67.5,60.19736842,60.41428571,50.8,64.48111111,61.042,59.89673203,58.58698885,51.22631579,71.27916667,62.63954373,63.9,60,60.4,1
54.6,73.8,45.4,53.4,48.3,69.97974684,57.68266667,72.8,68.53450292,64.06,70.5192,66.10572687,67.06987952,62.4,59.08796992,62.037,60,60.6,54.5,65.7,50,57,53.8,42.08918919,58.4,73.6,73.45341615,58.2,63.81754386,75.04715447,46.34632768,51.66642857,62.65643939,31.7,60,60.3,1
78.22162162,69.74823529,77.43783784,76.1,53.7,51.08095238,67.72191781,85.33243243,73.43564356,62.23703704,58.6546875,47.04318182,64.51308411,56.13489933,60.25672727,64.6,60,60.9,65.5,77.6,66.6,68.6,65.1,62.60673077,70.17962963,75,62.25714286,54.58536585,59.6902439,48.53855932,43.56979167,55.26813187,61.00559441,36.5,60,60.3,1
71.2,68.02790698,74.7,72.66428571,69.8,68.42020202,63.19186047,49.3,66.52300885,75.44196891,64.47580645,36.50617284,64.76033058,59.16289308,63.13458904,64.2,60,60.5,48.44590164,72.4,69.2,65.2,32.3,63.45774648,55.58243243,65.08,68.7107438,64.21169591,57.82721088,54.85789474,69.59875519,54.84699454,62.14256055,64.8,60,60.7,0
42.6,65.7,53.9,50.9,44.7,61.85316456,61.60609756,43.1,59.25618557,45.68,63.733,60.40601093,66.56630435,55.65393939,59.65671141,49.8,60,61.5,53.5238806,70.83823529,59.5,53.6,62.7,65,62.35454545,79.5,56.07134831,79.3556338,76.8443662,60.53734177,81.13350254,68.35352113,67.22706271,64.5,60,60.5,0
63.9,42.3,67.96760563,55.5,64.5,60.03092784,77.29577465,45.3,61.05882353,49.0648,52.94945055,61.51897436,48.01761006,47.61268657,59.72825279,63.1,60,60.3,61.3,87.27384615,85.9,89.8,86.2,55.59306931,68.37285714,63,70.78648649,41.22105263,60.18790323,53.42044444,75.44285714,72.5572327,62.12134387,64.8,60,60.7,0
49.9,71.83728814,58.7,65.3,85.1,59.34285714,60.38714286,85.9,66.26950355,74.18163265,58.88984375,51.00615385,64.46,64.07109375,56.84206642,64.2,60,60.5,49.8,79.6,63.5,53.6969697,65.8,72.75,69.03373494,72.1,63.80645161,61.15744681,61.99345794,64.44468085,53.46533333,51.7477707,66.88444444,63.9,60,60.7,0
52.3,66.3,61.2,37.9,51,44.16666667,66.64683544,67.10298507,62.66457143,52.50679012,49.42795699,64.65524476,64.5964497,63.30510949,61.44649123,52.6,60,60,73.8,52.57560976,72.5,66.4546875,80.4,59.78846154,65.24411765,52.63125,63.00320513,61.042,59.88767123,62.31585366,52.25425532,56.47324841,62.89627907,64.5,60,60.5,0
65.1,65.4,73.8,70.7,61.84666667,62.07142857,53.38888889,83,63.06719577,56.30763359,43.84615385,64.21767068,62.17784091,57.36315789,55.06965944,59.4,60,60.5,83.7,70.9,68.3,60.04166667,88.8,70.83178295,66.31794872,74.1,61.32941176,66.2503268,54.73154362,62.94189189,62.01435644,45.67514451,65.41125,64.5,60,60.7,1
72.7,74.42068966,55.4,60.4,76,69.05544554,69.77820513,74.5,69.62128713,68.59210526,57.56065574,60.00814815,66.32556818,61.17317073,61.98745763,50.6,60.1,60.8,54.47058824,39.2,58.4,69.5,66.8,63.60347826,49.225,58.28970588,63.73267974,59.7,60.77853107,48.428125,57.84657534,51.8,59.26895425,34.7,60,60.5,1
72.3,72.1016129,67.84444444,65.8,51.2,53.84393939,53.18030303,57.8,73.20764706,70.7,57.54230769,50.43773585,55.99936306,65.18205128,61.72934783,64.2,60,60.5,72.8,78,66.8,49.7,43.5,48.09259259,67.01590909,66.3,63.97307692,68.43604651,57.7625,65.26343284,57.93012048,62.48740157,61.90102041,62.7,60,60,1
70,76,78.3,58.8,63.4,64.9990566,58.10113636,65.1,57.41694915,51.04568966,54.7981982,58.65,57.99847328,51.01798561,61.88114478,63.6,60,60.3,59.2,53.7,65.4,64.9,71.6,77.3,65.80487805,92.3,61.28623188,64.47102273,53.70119048,56.23571429,59.09027237,69.15756098,60.00176056,65,60,60.8,0
63.35890411,60,60.7,79.7,73.10405405,82.92,60.11627907,82,63.08669951,75.3,55.75,47.44772727,50.82404372,70.1372093,56.63424125,82.9,60,60,83.3,62,54.56,74.6,81.2,72.76179775,67.62777778,70.5,67.75300546,58.69691358,54.70307692,46.86666667,60.75789474,51.95068493,62.24857143,55.6,60,60.8,1
58.1,60.5,59,76.1,68.6,55.55333333,64.73272727,58.2,63.3262069,60.71466667,44.37333333,49.79302326,60.2119403,60.34736842,58.75975104,55.7,60,60.4,80.8,67.26483516,76.2,76,63.2,64.246875,70.04383562,68.1,64.33315789,61.042,56.775,63.10628019,61.52387097,62.21454545,63.23443983,63.9,60,60.5,0
63.1,65.02272727,56.5,63.3,46,49.72417582,73.6375,79.4,71.7035503,74.1,50.95583333,67.93535354,60.04848485,72.95748503,60.39856631,64.5,60,60.7,65.4,32.2,66.4,38.7,71.3,63.27583333,54.00434783,83.79571429,63.17329193,69.6057971,60.85840708,57.73640553,58.92339181,67.17310345,63.19713262,64.5,60,60.6,1
70.6,84.61267606,46.6,51.9,63.4,64.99487179,69.95689655,60.7,63.22641509,64.06,65.0751938,64.13391304,41.6,60.19651163,62.23317757,82.5,60,60.1,55.1,65.2,65.96610169,61.7,48.7,65.07173913,81.56666667,81.5,71.03356643,61.042,63.97027027,63.4058296,57.22261905,67.90151515,55.99086538,35.6,60,60.4,0
64.7,74.8,72.4,61.4,50,70.38656716,55.10285714,53.9,58.84550562,64.06,57.98616352,58.72068966,60.37712766,51.80322581,61.4307393,55.4,60,60.2,89.8,74.37804878,54.5,52.7,64.27058824,53.5989899,69.56438356,72.71527778,62.9258427,61.48604651,64.6112,62.715,69.55621622,66.04253731,64.98897959,55.8,60,60.7,0
57.2,74.59591837,61.8,78.3,60.5,57.43728814,62.56862745,94.1,65.01007752,62.48352941,74.30769231,77.36358025,61.06384977,71.27933333,61.94291845,60.6,60,60.8,55.9,48.5,43.4,53.6,63,59.136,56.84074074,66.8,62.89175258,55.71842105,49.88315789,64.93129771,58.36307692,34.6625,60.77228916,81.9,60,60,1
26.832,55.78214286,54.3,66.34090909,64.2,59.22095238,61.23478261,35.1,58.06318408,69.4875,67.4631068,57.23613445,58.42132701,61.89583333,58.88639706,57.9,60,60,63.7,70.88636364,59.4,68.7,69.1,78.60519481,70.25454545,58.54242424,67.66157895,70.03023256,69.828,67.04320988,65.14753363,80.74767442,59.552,56.9,60,60.8,0
59.4,72.7,77.6,82.51833333,88.4,58.4625,56.94262295,67.5,54.78322981,56.03902439,61.98909091,57.6810219,56.67254902,54.59396552,57.05936255,64.2,60,43.6,63.1,75.34252874,66.3,64,72.8,66.06782609,59.32159091,66.5,67.62920792,59.50588235,49.20769231,48.65405405,77.22666667,75.08248175,63.0184,53.6,60,60.5,0
53.19459459,58.2,47.2,65,65.3,65.43058824,60.30810811,56.9,52.72037915,68.4647482,61.78503401,67.49923077,66.53865546,55.27653061,64.17288136,64.7,60,60.6,52.1,64.57634409,54.5,60.4,40.3,66.07454545,56.43939394,77.6,70.49396552,65.33192771,76.52131148,66.95757576,67.23802817,72,62.68257143,65,60,60.8,0
62.73561644,72.6,54.85142857,66.9,72.8,79.15696203,72.10403226,69.22898551,63.74539007,67.3,51.26515152,68.51390135,65.10503145,65.78467742,66.484375,64.3,60,60.6,68.4,64.92413793,65.7,49.5,64.6,56.95135135,59.41904762,61.2,61.47659574,47.94396552,66.83492063,42.62177122,56.26594203,67.36140351,57.6105042,63.6,60,60,1
68.3,65,66.1,51.5,76.2,51.76896552,59.21818182,59.16101695,70.52026144,71.84976303,43.49438202,68.32244898,59.68082192,57.8509434,62.45394191,56.8,60,60,62.9,48.688,69.22933333,44.1,56.6402439,51.2244898,72.29210526,68.744,68.3668,56.1,57.06781609,73.39333333,67.25512821,56.51304348,59.93318182,64.6,60.1,60.8,0
66.7,79.27283951,50,64,67.1,64.552,66.98494624,57.3,62.73396226,64.06,68.29312977,51.45098039,49.71208054,68.23636364,59.43111111,64.2,60,60.5,56.3,69.4,47.6,45.1,56.8,81.99864865,61.24637681,90.5,72.08863636,65.99215686,52.88632479,65.37019868,61.27709251,67.459375,62.55770492,65.1,60,60.8,0
45,48.15283019,87.3,75.55263158,75.8,59.776,63.98933333,92.5,69.34414414,47.24,43.79097744,62.14285714,60.10925926,59.60254237,60.86971831,64.2,60,60.5,63.3,81.32268041,62.7,66.4,91.7,67.67076923,69.53595506,85.7,76.36376147,74.19509804,50.79266055,37.39375,45.91818182,51.30234375,62.53892857,63.9,60.1,60.6,0
70,58.528,68.7,53.9,69.1,63.54411765,66.25925926,60.4,56.19895833,64.06,72.64965517,64.09960474,60.58983957,53.85,62.81823362,62.037,60,60.7,41.33787879,63.7,52.1,63.7,64.8,62.23414634,67.37761194,67.2,63.29659091,63.81721854,55.83692308,67.77277778,65.18415842,61.82530864,60.00879765,65.2,60,60.7,1
60.4,51.20377358,56.1,71.4,52.9,68.73043478,68.17272727,66.4,64.96879433,79.2,60.71805556,56.10265152,58.35550661,79.14216867,66.75655172,64.3,60,60.6,64.8,74.49230769,59.3,48.1,74.7,60.2625,56.46666667,77.5,69.68441558,63.17850467,54.04571429,49.87155963,62.54871795,68.55,52.81609589,63.9,60,60.5,1
79,50.6,62.8,70.7,91.1,72.34576271,84.42380952,60.9,59.57758621,67.55923567,46.44186047,68.23394495,72.89774436,64.31574074,64.73131313,63.9,60,60.4,60,54.1,73.8,64.7,71.4,57.56818182,58.56538462,72.2,69.8280303,46.49863014,59.18173913,46.05225564,61.25111111,55.19115646,62.15714286,54.5,60,60.1,1
58.9,75.4,45.7,52.5,39,71.39577465,56.73050847,86.9,64.94666667,59,68.59370079,71.35714286,78.51853659,62.26820809,63.0978022,64.2,60,60.5,64.8,67.4,69.9,49,69.66388889,66.7686747,53.79480519,56.4,61.19,62.02410714,70.28125,59.81171171,60.46275862,70.37647059,59.39746193,50.4,60,60,1
76.90540541,55.76764706,59.90147059,78.2,65.5,63.87171717,67.15696203,88.96764706,68.18765432,74.1,54.18114754,61.26156863,59.65352113,82.14588235,61.0010929,63.9,60,60.5,52.5,68.4,67.3,63.2,75.1,66.57407407,65.60821918,52.675,52.96359223,60.85751634,50.96504065,62.58823529,55.30764706,57.88590604,60.64314721,62.7,60,60,1
52.4,63.1,60.9,60.9,53.4,65.14571429,70.8890411,84.5,67.46513158,79.50588235,67.10280374,49.15154639,66.252,62.02011494,59.21631206,59.4,60,60.5,59.8,67.7,66.3,66.2,71.3,72.02190476,62.3755102,83.4,62.96071429,63.9,66.34896552,55.25993031,62.62718894,66.74965986,63.32482014,81.8,60,60.8,0
73.9,76.84666667,72.1,86.6,80.75263158,69.18961039,74.74711538,79.85789474,72.0372973,77.98076923,61.74363636,56.20701754,70.51866029,54.38425197,60.58643411,60.2,60,61,68.7,61.74117647,58.3,69.4,59.3,52.03428571,63.4,49.10909091,57.90638298,49.54,51.43030303,43.65345912,57.04929577,66.35,63.22323944,62.7,60,60,1
53.4,61.1,62.4,59.73846154,65.3,66.71801802,57.02317073,80.4,67.23292683,72.5,66.2254902,66.7913242,67.55513514,67.74482759,61.36390977,64.8,60,60.6,58.1,62.5,66.1,57.9,49.9328125,44.53809524,59.77936508,40.0796875,59.55491329,63.62678571,62.64285714,47.88426396,50.32736842,70.5725,63.06281588,64.2,60,60.2,1
59.2,57.7,64.13421053,63.61341463,65.1,69.74125,61.04347826,67.11232877,62.26526946,57.4,50.54204545,69.32827869,61.34152047,52.10699301,65.43006135,56.6,60,60.4,67.9,47.9,55.6,68.66060606,62.66666667,70,63.575,71.73333333,72.59192547,67.85197368,68.00068966,51.94705882,70.03405405,48.0218543,59.92126984,65.1,60.1,60.8,0
76.54545455,84.51830986,77,53.9,56.1,76.65714286,75.15542169,85.7119403,67.70731707,66.11160221,49.13578947,34.71694915,68.46960784,51.48571429,62.57148936,64.3,60,60.6,62.3,57.0975,81.3,70.4,66,81.29880952,56.01,69.7,65.69842932,60.2852459,63.25633803,47.86066667,65.47486034,59.15639098,61.89354839,63.2,60,60,1
69.2,71.52,52.6,70.2,70.1,59.32089552,57.26,79.9,72.56683938,70.82307692,44.85697674,55.40649351,75.79945946,66.80823529,58.50987124,63.1,60,60.2,78.8,81.1,73.6,56.1,75.8,54.22941176,62.16756757,63.5,59.92057143,61.042,59.9584,62.82734082,55.29897436,58.57890625,61.60565217,63.5,60,60.4,1
59.19605263,77.9,53.57183099,82.82535211,45.7,62.1147541,65.72933333,87.02112676,68.30228311,76.76666667,65.22763158,77.06839827,60.90519481,67.62454545,63.70742187,64.5,60,60.6,59,56.7,62.9,61,43.00714286,53.73333333,65.24067797,53.4,52.25065789,62.22076503,71.17425743,41.80509554,52.0287234,49.57960526,59.0423221,59.9,60,60.2,1
80.31818182,71.17317073,78.2,66.9,84.5,45.15113636,63.75416667,74.18356164,69.93541667,42.7,59.71818182,66.37067669,71.86397849,70.06769231,63.80753138,65.1,60,60.9,62.8,62.8,57.1,49.1,75.9,61.93932584,80.59850746,36.5,57.74655172,61.042,47.99146341,56.99644128,59.72193878,64.58703704,57.51570881,51.3,60,60,1
78.1,59.3,59.2,75.4,42.1,66.14736842,67.5597561,47.1,61.05957447,61.30062112,61.61681416,75.70636943,72.84195402,63.87132867,61.97762238,59.1,60,60.3,44.3,77.43513514,51.8,50.9,62.20588235,63.6,62.10428571,46.1,63.33975904,62.08846154,66.62659574,72.7270073,67.20629371,61.45357143,61.01258993,60.6,60,60.7,0
74.6,58.7,49.1,56.16964286,62.2,49.27012987,57.7125,64.9,63.56666667,57.29612403,62.76041667,74.5296875,61.00645161,54.34110429,58.4044,30.1,60,60.5,59.59189189,72.40705882,66.2,75,47,52.75636364,59.80933333,70.7,52.94712644,74.2016129,60.87619048,77.7974359,58.96687117,69.70625,63.9028,60.2,60,60.5,0
52.2,58.1,45.3,66.6,59.8,65.15740741,67.49649123,68.1,61.33097826,52.11081081,58.56517857,57.71308725,53.41808511,54.22519084,63.5206278,63.6,60,60.2,48.3,74.9,60.6,60.9,66.1,63,75.5,68.1,56.9859375,61.042,67.21964286,50.67336245,58,53.87328244,59.07305936,47.7,60,60.4,0
45.4,48.7,68.7,70.3,49.8,52.34,70.34166667,57.86724138,64.69032258,54.40697674,54.89926471,55.99236111,73.56470588,54.50621469,62.14389313,64.2,60,60.5,68.4,60.6,66.7,67.9,60.9,68.35490196,58.26333333,77.37837838,56.89325843,60.22666667,76.39466667,68.92012987,61.53789474,68.41597633,62.02596899,60,60,60.6,0
57.3,78.37142857,67.8,74.2,50.81232877,54.34285714,68.4,75.9,60.33800905,66.42727273,57.3247191,51.7,73.6,76.2,64.43277311,64.2,60,60.5,53.9,54,58.5,49.4,58.6,63.69708029,69.67878788,49.2,68.15704225,55.3,59.85724638,52.29686099,56.10883721,62.01818182,61.90204082,53.3,60,60.2,1
53.3,71.23943662,66.1,56.3,63.1,63.88317757,67.91857143,76.7,61.55116279,41.9,52.93240741,44.16046512,57.0084507,61.2195122,64.99044118,54.6,60,60.5,75.4,92.7,89.9,62.6,63.8,64.625,68.11976744,77.6,75.94701493,60.47254902,60.22151899,67.954,47.72631579,70.07619048,58.61040892,63.9,60,60.7,0
66.6,57.1,52,35.36,82.4,66.78484848,52.67058824,71.5,53.81875,72.044,55.0695122,64.01065089,60.61216931,66.03137255,58.54972376,58.5,60,60.6,70,28.6,63.94666667,68,80.3,79.61047619,63.10731707,53.2,64.29243243,74.64561404,59.4377551,63.50442478,63.67066667,42.8,59.78457447,60.67,60,60.1,0
73.9,67.8,72.45483871,51.7,67.29032258,70.1047619,50.1,61,56.92130178,48.42,47.23684211,48.35976096,56.03470588,60.6675,61.11856061,62.7,60,60,74.8,68.83544304,74.4,71,76.66962025,68.67818182,63.77846154,78.32923077,58.68266667,69.52216216,68.8,69.55851852,62.70222222,59.20645161,59.28432203,64.9,60.1,60.9,0
56,76.1,68.3,72.8,41.955,52.26161616,77.36235294,42.7,59.08888889,58.57341772,60.96119403,63.39101796,59.71313131,72.29452055,63.65495208,34.7,60,60.7,59.1,89.68767123,53.4,80.3,58.01917808,69.175,51.4164557,75.87945205,66.57873563,69.62337662,53.8627907,55.59700375,59.98833333,65.49161677,61.03279221,64.8,60,60.7,0
76.3,71.12823529,69.4,70.2,72.2,65.84105263,72.07191011,69.83928571,63.15787234,59.25181818,62.09821429,59.85963303,70.01132075,48.0173913,61.87957746,63.5,60,60.4,73.6,80.23214286,40.5,82.4,48.96727273,62.27246377,66.225,75.4,68.11812081,58.95263158,64.12087912,35.7,60.89957265,72.15084746,61.06272401,60,60,60.6,1
35.8,69.5,46.2,43.1,38.6,73.55652174,60.2296875,73.9,62.00988372,64.29926471,53.19242424,49.35815603,60.96,35.09453125,61.69277108,65.1,60,60.6,41.8,71.2,84.41791045,64.82238806,55.77014925,53.57894737,70.28208955,79.87462687,68.23541667,88.42777778,75.00465116,68.46046512,64.34636872,56.95912409,59.04030303,64.8,60,60.7,0
71.7,74.74117647,85.5,52.9,70.5,55.57105263,65.15333333,71.9,61.40384615,59.84637681,68.9609589,61.44522059,54.62164948,68.58192771,56.46810631,67.9,60,60.6,55.4,69.3,53.4,61,76.6,57.55050505,72.007,77.1,65.86666667,48.7,52.51932773,60.78102564,67.41132075,76.40121951,63.44518272,64.2,60,60.7,0
62.2,73.6,57.4,61.6,57.7,58.14651163,55.36724138,79.6,67.76691176,59.39885057,62.05811966,52.4,60.79907834,76.81849711,60.49502262,59.6,60,60.7,87.7,66.9,60.5,61.3,77.8,70.01444444,60.34520548,63.5,58.3483871,71.03333333,53.16774194,70.27471264,60.44805195,59.62090909,64.75375,63.2,60,60,1
50.5,62.38490566,52.5,70.6,64.7,57.08648649,58.99090909,75.7,68.70735294,64.5,64.64867257,54.15670498,66.91791045,68.50576923,63.42139037,82.6,60,60.4,49.77571429,75,74.56338028,78.4,62.2,54.18235294,67.21408451,64.2,62.1746114,67.98396226,54.11801802,42.516,62.09568966,71.20866667,62.0578125,63.1,60,60.2,1
69.9,63.22222222,57.3,70.4,62.2,63.83545455,57.23292683,47.53157895,63.94885057,69.95777778,61.12903226,59.10406504,53.68508287,80.23597122,65.3334507,64.8,60.1,60.8,73.2,68.85714286,47.7,71.6,72.8,54.53802817,57.59152542,63.3,67.70404624,42.5,59.29836957,48.79803279,58.19371728,82.62666667,56.94328859,58.3,60,60.4,1
59.2,58.3,59.7,71.8,67.6,68.17906977,61.08888889,78.6,56.18527607,58.42307692,57.48823529,76.35852273,52.55026455,72.7,59.30602007,79.9,60,60.6,68.9,62.68095238,65.1,78.5,82.4,52.94020619,54.33513514,52.7,76.23442623,73.34604317,60.35775862,62.37833333,60.31547619,65.63296703,61.24701987,64.5,60,60.6,0
76.9,80.2,94.2,77.4,82.3,48.96111111,57.07647059,54.9,69.85424528,71.50198675,51.94615385,70.4104,69.29871795,64.71532847,61.68514056,59.6,60,60.5,64.1,61.7704918,71.1,66.5,41.8,55.94302326,56.82222222,47.3,55.67666667,60.1,50.33563218,44.35467128,75.30185185,63.36859903,59.8202381,64.2,60,60.4,1
69.1,78.75230769,63,81.66290323,66.09393939,73.08095238,75.84929577,81.04285714,67.22251656,67.44378378,73.25528455,52.07911392,62.02422907,50.35,61.83728814,64.1,60,60.9,47.7,54.76794872,60.5,51.8,54.6,61.65769231,56.53506494,73.25454545,60.55982533,60.87580645,46.45967742,29.27328244,45.53631285,62.72903226,59.30816993,63.9,60,60.4,1
60.2,64.44078947,59.056,73.7,49.5,64.05227273,68.44133333,63.576,59.70331754,65.27666667,56.41285714,54.36464646,49.80175439,41.07684211,65.93116438,63.2,60,60.1,72.1,71.1,70.4,57.2,93.8,69.24210526,70.09574468,87.9375,64.51734694,58.63648649,61.42649007,62.08797468,67.98097561,76.1601227,61.16592593,65.1,60.1,60.9,0
59.5,35.7,66.4,74.2,74.3,65.1972973,63.17096774,70,60.64597701,50.26603774,52.14709677,77.12987013,43.45522388,64.01269841,67.37396694,62.8,60,60,59.41153846,75.5,83.1,68.66153846,53.31625,67.78125,68.47471264,74,71.19153439,70.4,52.69891304,62.83185841,62.8160804,65.6408,54.0509009,68,60,60.7,0
42.6,47.7,50.836,54.9,60.7,65.74722222,55.00266667,72.8,63.30764331,70.42162162,66.80091743,60.1087156,53.54387755,76.95617284,59.16887967,64.2,60,60.4,61.8,60.68028169,50,64.5,67.1,47.66790123,55.67142857,41.1,61.4390625,77.85804878,77.12421053,66.89142857,51.70150754,58.82781457,61.85228216,56,60,60.5,1
64.2,81.6,54.5,88,67.5,67.97564103,61.78181818,75.25888889,63.20217391,76.06451613,67.06168224,51.8359375,55.38156028,64.79932886,61.04145455,63.6,60,63.9,64.9,74.81612903,69.2,72.2,59.4,58.65517241,57.76447368,83.1442623,63.60314961,51.1,55.37698413,48.87115385,70.43209877,56.422,59.76666667,53.1,60,60.6,0
51,65.03623188,60.3,66.2,47.9,70.47126437,66.9220339,65.2,58.58595041,64.06,66.71168831,54.96588235,51.95210526,74.896875,59.13822394,59.4,60,60.5,67.8,80.10857143,83.1,52.3,62.6,65.98214286,78.88928571,44.21449275,57.39488636,62.58811189,51.85555556,65.15384615,64.49583333,60.98983051,65.74291188,58.7,60,60.5,1
75.3,58.98305085,68.01864407,65.7,45.6,49.07407407,57.34492754,41.6,55.74137931,57.98461538,48.29541284,50.74556213,63.73786408,59.4893401,58.96755556,57.3,60,60.2,60.1,72.24411765,70.7,77.7,90.4,60.86666667,69.02637363,61.87096774,56.85333333,71,58.2255102,68.75778894,72.908,66.61891892,68.32037037,54.7,60,60.7,0
72.9,63.4,57,55.7,78.9,73.08351648,41.82857143,57.11803279,54.69240506,57.73209877,62.40731707,71.61777778,72.89543379,66.95,59.63333333,59.6,60,60.8,58.1,61.47794118,52.2,66.4,68.3,38.3,61.95671642,49.7,62.9215311,67.84421769,56.14845361,40.45,57.80491803,55.9,62.66944444,63.2,60,60,1
72.8,67.14757282,69.9,62.5,74.5,65.33089431,70.02075472,59.3,66.96748768,66.05172414,55.47333333,58.93080357,61.51307692,52.41478261,55.87888199,64.5,60,60.7,62.6,69.7,74.6,68.1,74.12413793,71.85,65.99333333,71,66.11583333,59.12475728,55.34663212,42.06284585,53.09210526,74.89191919,65.9003125,64.8,60,60.6,1
53,82,56.8,71.6,45.2,71.38947368,65.4559322,75.3,65.92748092,60.2991453,54.91490683,67.31282051,53.52189349,58.96923077,56.86849315,63.9,60,60.4,87.6,85.2,75.7,65.26428571,51.2,80.39893617,60.39565217,83.2,66.55988024,64.71914894,65.68557692,67.66169154,54.09556962,56.91623932,64.56294643,62.5,60,60.2,0
68.3,82.7,69.6,49.68,79.6,53.19775281,64.45675676,62.1,56.94876543,61.81530612,62.548,51.76993464,74.21242604,63.81351351,63.15437788,60.2,60,60.4,78.66666667,81.6,56.5,76.4,41.9,68.85714286,69.2,30,64.32099448,61.042,53.66788321,60.65176471,60.39945355,68.82857143,60.86936937,77.8,60,60.3,1
78,83.9,64.3,62.50338983,53.6,74.33770492,64.64337349,79.6,62.66357616,67.58561644,61.33134328,70.70503597,58.48490566,44.07122302,61.87132075,57.9,60,60.4,68.12285714,70.3,68,57.1,52.19142857,65.40224719,62.075,76.08857143,72.64656085,67.44918033,55.62150538,52.6575,63.71931034,64.61727273,61.33837209,64.2,60,60.8,0
56,82.4,59.7,71.6,64,54.48717949,64.2474359,52.1,64.93589744,85.56915888,75.795,65.868,65.32751678,72.0147541,62.26125461,37.9,60,60.5,41.5483871,33.9,61.03442623,52.5,56.6,58.34680851,63.50877193,81.62068966,61.94545455,71.9,62.68484848,58.02142857,60.31612903,79.47647059,60.68,64.5,60,60.5,0
55.2,54.6,51.5,57.5,61.7,74.46741573,63.39746835,60.4,61.9921875,81.25882353,53.41111111,60.634375,52.9005988,59,60.27617729,62.037,60,60.8,71.9,60.29047619,61.5,56.6,75.5,76.28764045,58.70769231,90.5,68.67677419,61.042,56.15535714,58.47683398,63.51902439,62.08867925,68.04472934,57.3,60,60.8,1
46.5,44.9,48,73.2,63.3,62.18560606,54.65735294,56.33088235,68.41357143,62.72264151,49.55616438,57.80958333,68.23659794,71.06894737,61.82421384,52.5,60,60.7,67.6,71.7,64.4,42.1,59.9,68.71585366,61.18636364,50.7,58.62196532,61.042,66.36691729,75.83516484,77.86422764,56.71187215,61.56656347,53.1,60,60.5,1
46.6,50,72,74.1,80.26421053,55.62631579,60.85421687,82.57894737,68.38863636,71.61284404,43.81956522,59.56283186,78.6,62.4,63.55247934,32.8,60,60.7,90.6,56,71.43333333,36.1,69.6,68.99333333,64.01688312,43.87592593,59.85423729,66.7,58.38716216,54.0482866,59.41168224,56.90882353,57.91954023,61.2,60,60,1
43.5,64.32666667,57.2,65.6,45.93181818,56.66823529,59.22878788,58.4,63.65874126,53.47833333,77.53538462,62.03904762,70.95741935,68.07527473,64.76909722,64.8,60,60.6,49.6,69.32816901,48.5,64.2,44.2,57.56285714,64.13287671,76.51084337,61.44651163,77.53966942,76.51794872,62.17957746,61.44099379,82.02857143,61.55864407,59.7,60,60.4,1
44.5,73.4,64.8,83.7,75.3765625,64.46904762,77.975,55.5,62.11341463,67.31731844,56.84941176,52.09230769,76.82150538,56.66992481,64.54006309,65.2,60,60.8,66.9,83.8,58.2,62.7,78.6,57.98571429,64.76779661,58.2,58.22216495,48.17454545,65.52056738,51.171875,65.72021277,54.05,56.49814815,64.9,60,60.5,1
71.8,67.08484848,87.2,80.73835616,71.2,70.62266667,67.60769231,92.33030303,74.76477987,74.72264151,64.27815126,60.62568306,71.29736842,77.63521127,56.3841629,64.3,60,60.8,80,54.6,61.7,58.4,60.8,50.67894737,71.5557377,41.94915254,53.43597122,58.9569697,56.19238095,56.82129032,47.53522013,49.74295775,65.44458333,63.2,60,60,1
46.9,56.00379747,65.5,64.3,70.3,54.05555556,66.7952381,48.89480519,61.54194915,61.81756757,58.68636364,47.48571429,39.79115646,62.06521739,62.69460432,57.1,60,60.2,62.6,71.68813559,62.06769231,78.6,76.36551724,53.96086957,67.525,90.59310345,87.14511278,55.20222222,69.57471264,52.54551282,75.88844444,78.04025974,58.36590909,64.6,60.1,60.8,0
62.60465116,52.3,54.4,57.4,61.44883721,43.56428571,62.05217391,71.7,55.70353982,73.33984962,56.85890411,53.93407407,73.99207317,65.41914894,55.11977401,62.037,60,61.6,52.3,63.94444444,58.4,73.6,67.9,50.84757282,55.5475,44,54.88333333,58.4,60.9351145,65.30955414,65.72833333,66.44690722,62.17032641,41.2,60,60.54545455,0
66,73,58.2,75.7,77.08181818,67.93333333,68.96455696,68.5,64.75353535,57.4661157,72.47160494,58.9721519,69.5027027,65.71470588,61.45381526,63.9,60,60.5,47,74.016,62,75.2,65.4,52.77288136,66.90217391,66.2,59.93609023,43.60689655,52.05714286,62.98817568,56.76683168,67.12957746,60.91507937,63.9,60,60.5,1
54.01090909,56.4,58.47818182,58.4,59.2,63.5641791,64.1,37.6,55.93972603,53.10721649,55.12155172,51.43247588,55.41646341,64.41313869,60.4620155,28.3,60,60.1,56.4,62.07763158,65.1,78.9,65.1,56.98888889,65.65384615,73.34,63.90123457,56.06545455,60.542,71.77320261,69.00114286,67.39590164,62.54795082,64.5,60,60.7,0
65.9,69.51967213,69.5,84.8,69.4,57.64712644,62.57966102,62.9,66.49591837,64.06,60.81871921,69.38080808,57.5953125,65.18926554,58.58576512,64.5,60,60.5,58.1,51.91445783,61.7,67.9,59.6,54.89909091,68.67403846,78.9,68.87118644,54.73,53.23333333,62.33576642,54.57987013,75.4,62.88754448,78,60,60.5,0
64.5,58.03389831,71.4,78.5,69.3,64.32702703,54.83220339,66.8,57.23974359,64.06,62.79520548,50.11061224,60.15942857,61.15942029,61.38091873,73.5,60,60.5,63.51875,70.3,72.56,70.4,55.8,64.86585366,73.66875,75.6,66.75,63.2,61.46923077,52.70991736,57.27530864,62.37272727,63.20180505,67.6,60,60.8,0
60.2,70.1,58.5,72.7,76.8,52.17721519,67.04246575,47.3,57.7559633,64.06,59.04862385,70.80570175,69.66630435,79.52933333,65.72329545,35.6,60,60.4,58.8,57.97377049,81.2,64.7,56.1,67.75128205,61.66393443,33.9,50.29036145,56.43907285,52.26,74.87393939,66.68350515,66.37232704,58.7827027,63.6,60,60,1
46,63.6,59.1,62.2,61.7,59.23561644,57.04642857,64,62.63829787,67.80609137,50.18613861,64.88108108,46.03031674,51.63502825,56.93417266,63.9,60,60.9,68.24805195,62.30526316,70.27763158,44,57.6,70.57222222,62.8,72.60657895,66.15736842,51.62439024,73.72389381,55.85862069,68.83466667,75.54511278,66.22319392,55.4,60.1,60.9,0
47.7,94.1,62.6,51.72058824,66.7,82.75696203,56.20612245,82.1,69.80736196,54.16140351,46.92962963,63.59181818,47.64074074,74.99831933,59.5627907,55.2,60,60.7,75.8,84.35714286,67.85714286,63.2,67.07368421,49.68103448,63.13818182,62.4,61.30914634,54.8278481,73.16949153,43.75726141,69.30180723,64.56666667,64.13274336,63.2,60,60,1
50.6,61.7,50.9,54,69.8,61.25714286,60.06575342,58.86296296,61.1975,42.18510638,58.02038835,51.66862745,65.84320988,53.85238095,56.60323887,81.6,60,60.2,57.7,67.9,63.5,66.6,80.4,64.7,69.20795455,70.4,63.660625,59.57833333,71.4195122,82.30228571,59.18014706,86.2858156,60.44525862,40.4,60,60.8,0
81.53898305,65.8,50.4,73.5,63.2,52.83970588,61.44193548,42.59642857,61.13673469,66.85068493,52.6530303,60.18848921,44.41372549,58.03623188,64.26025105,85.4,60,60,69.41428571,60.73142857,58.19714286,81.1,90.7,62.35145631,83.13766234,66.50434783,58.52822086,64.98627451,64.59253731,62.7328125,53.81666667,70.54152542,61.01040724,59.4,60,60.8,0
60.9,58.64590164,57.3,47.6,57.3,65.73863636,70.51111111,59.28983051,68.66197183,59.725,69.46808511,68.40718954,54.83819095,66.03687151,57.8796875,59.2,60,60.2,64,47.9,61,55.85185185,68.1,60.68039216,60.8248,56.9,58.84662921,61.4,77.23333333,60.97161017,49.71612903,51.11940299,66.48739837,64.7,60,60.6,0
88.5,65.7,78.1,66.6,72.5,63.55873016,79.36133333,50.6,60.14201183,62.03195876,38.58829787,60.46422018,72.49469027,64.16695652,60.50590909,64.2,60,60.4,50.2,64.03076923,69,81.1,63.50625,69.84909091,75.87241379,44.6,58.83658537,53.7,57.581875,54.1668942,45.13631285,45.5,62.54479638,59.8,60,60.3,1
71.1,73.13780488,63.9,64.7,51.6,59.96547619,56.73666667,44.4,71.17217391,76.2,84.51016949,63.67692308,64.215625,68.3,62.19656489,62.7,60,60,39.95352113,46.4,39.8,49,52.2,62.14489796,56.8953125,68.1,61.74370861,70.75555556,57.25432099,57.36342857,72.94913043,62.22592593,60.08916667,65.2,60,60.8,0
67,72.82816901,53.6,63.3,68.5,63.51204819,58.60232558,64.8,72.93045977,52.81397059,63.15757576,60.90465116,61.0242236,45.46612903,60.40392857,64.2,60,60.5,61.2,70.28983051,54.4,53.3,56,71.40793651,69.05084746,81.43050847,75.32254335,54.1,66.14926471,67.63606557,43.34450549,59.27094595,60.81571429,29,60,60.6,1
55.7,62.61290323,57.8,73.34,57,63.08852459,68.75294118,58,71.84615385,65.12765957,66.63137255,50.43424658,65,63.8953271,59.77864769,64.5,60,60.8,57.4,76.4,54.2,56.9,57,64.76486486,58.97323944,77.6,70.33475177,67.84545455,53.990625,54.32731959,60.00654762,66.79555556,61.00323741,60.6,60,60.6,0
67.6,74.2,68.4,64.3,85.9,63.3490566,54.72051282,64.4,59.11601942,72.28333333,70.20895522,67.89689922,71.95425532,63.59637681,61.85641711,80.1,60.1,61,42.2,44.66666667,50.1,55.86363636,62.1,82.20555556,60.840625,65.6,61.90055249,58.04679487,62.61523179,49.725,58.95957447,67.95,62.63608247,64.7,60,60.6,1
41.2,75.87254902,59.2,70,74.6,63.81754386,71.5047619,73.7,61.89185185,50.83673469,31.85966387,55.44375,49.33137255,59.96685714,59.04676806,64.2,60,60.4,76.7,70.4,64.2761194,74.47647059,71.5,68.51325301,56.06233766,88,73.63678161,59.0372549,60.49090909,37.96516854,68.54224138,62.00208333,62.62162162,64.2,60,60.6,0
58.4,60.11489362,57.4,45.8,49.7,45.34181818,55.99090909,71.4,61.71769231,49.23652174,56.61061947,53.97566372,58.35508982,54.00289855,66.23008475,63.6,60,60.2,53.3,79.6,70.93043478,59.91538462,73.6884058,81.14675325,53.61372549,69.59275362,71.33353659,68.58803419,72.68823529,74.31348315,70.16923077,59.40784314,59.90222222,50.1,60,60.8,0
68.49574468,76.5,74.3,85,58.9,83.48888889,62.16808511,56.5,59.1128,59.7462766,48.79814815,62.24304636,60.95145631,57.94782609,58.93902439,63.9,60,60.3,66.8,79.035,65.8,60.5,64.7,62.03626374,63.86486486,57.8,65.4919598,77.64333333,59.163,40.755,75.17608696,57.87155963,63.47927273,51.6,60.1,60.8,0
75.2,64.43478261,78.4,62.7,46.7,61.962,70.00821918,65.8,62.1186747,64.58372093,63.08296296,62.77236842,69.44270833,60.58012422,64.04328358,55.1,60,60.4,62.8,57.73432836,70.9,62.1,76.9,64.86438356,69.0119403,64,55.88783069,54.06421053,55.60166667,67.77303371,56.5893617,76.61497006,57.36642066,60.2,60,60.4,1
72.2,69.6,52.8,56.22244898,65.8,64.81549296,63.55102041,67.3,65.4536,56.49593909,66.65322581,60.19455446,61.25601852,54.72298851,60.24835165,54.1,60,60.4,67.2,80.3547619,42.8,62.3,55.65454545,63.28,71.19302326,60.7,64.33849765,66,56.28181818,65.92794118,68.708,38.783,62.78984962,32.1,60,60.8,0
71.4,72.15411765,57.8,53.6,51.5,56.7728972,66.44675325,81.8,66.37058824,72.83461538,61.33366337,69.93444444,59.58421053,67.29657534,56.71454006,56.4,60.1,60.9,56.59565217,71.33571429,55.2,46,49.4,67.00581395,59.4943662,60.8,65.76737968,48.4,62.27142857,55.91,55.60505051,43.35209581,62.34700855,60.67,60.1,60.7,1
58.43544304,67.19012346,66.89746835,77.8,62.3,74.40882353,63.29367089,81.08734177,65.86320755,72.525,64.58481013,67.31185771,72.89622642,67.75826087,61.80491803,64.5,60,60.8,77.6,70.01904762,61.6,63,28.7,53.38,60.67377049,55.4,55.77291667,58.9,61.91538462,53.22264808,54.66392694,51.10617978,60.71828794,58.5,60,60.1,1
73.6,70.7,62.7,78.6,45.3,62.28653846,55.1,67.7,65.35185185,64.06,52.88270677,65.59615385,70.44482759,52.97702703,60.93333333,76.8,60,60.5,68.7,70.2,54.2,63.2,79.4,73.04117647,60.87826087,70.6,67.03687151,51.3,55.27530864,56.34787234,67.57348485,66.32596154,58.38529412,81.5,60,60.6,0
72.47432432,77.9,58.1,63.11891892,90.1,69.00930233,64.40897436,74.2,65.13543689,66.22592593,56.45673759,57.49386792,46.85020408,59.01294643,58.51995249,61.8,60,60.8,59.1,74.6,70.5,50.8,60.7,61.11875,57.87634409,64.475,71.84672489,57.88606557,58.46470588,48.44748201,56.66380952,60.45411765,57.37146283,61.7,60.2,61.2,0
41.9,62.26307692,42.9,53.6,59.7,61.60909091,63.0475,50.8,61.44725275,67.60487805,67.19008264,77.09727891,51.83940887,54.15,60.68219178,63.2,60,60,30,34.9,66.3,68.9,48.46478873,55.87567568,65.62173913,77.18181818,70.42648649,62.58062016,78.11923077,67.34201681,65.92571429,66.16068376,61.66960784,64.2,60,60.5,0
75.26,71.2,63.23676471,67.48888889,62.9,59.97857143,70.42794118,85.72352941,67.64340659,67.93869048,53.41463415,55.61478261,70.55698925,65.6778626,60.59632353,64.8,60.1,60.8,73.8,57.578125,64.9,76.3,69,63.70144928,52.20461538,50,63.84425287,64.3,70.05933333,45.95100402,54.60707071,80.54360902,62.65101351,60.67,60,60.2,1
63.6,55.925,56.1,67.2,70.30434783,75.07,72.89864865,79.6,56.59438202,54.71185185,59.71317829,64.68111888,60.28756477,45.0620438,65.38913738,64.2,60,60.7,40.04925373,84.26619718,66.9,76.4,63.9,84.7037037,72.96716418,73.7,58.45355191,51.67727273,67.23055556,60.60899654,67.06906077,73.76131387,61.98538961,39.2,60,60.8,0
51.8,59.7,43.62432432,56,74.2,59.13087248,68.0974026,61.1,69.35416667,71.7,72.73333333,75.11129944,69.21403509,62.21140351,64.03333333,64.8,60,60.7,42.59090909,35.3,43,57.5,26.8,52.51818182,56.6859375,45.64545455,63.026,77.79369369,72.852,51.79507389,64.90057803,61.49207921,60.29711191,59.8,60,60.3,1
79.32131148,81.14166667,76.9,60.3,89.6,73.392,70.34383562,52.035,70.50460526,62.01214953,70.30133333,74.457277,68.06170213,66.73821656,63.42,64.9,60,61,76.18888889,59.55555556,67.5375,60.9,74.9,58.58282828,60.9,55.37777778,64.37952756,66.6,41.91735537,49.10050251,60.54857143,43.548125,58.51034483,83,60,60.2,1
61.7,67.83478261,67.8,56.9,54.3,63.22307692,58.85882353,66.2,63.35448276,64.06,48.42661871,50.74396887,62.338125,74.50552486,62.9852459,64.5,60,60.5,73.5,93.5,67.67727273,85.3,62.6,57.66705882,67.55820896,56.3,60.68142077,66.42072072,67.47328244,63.48484848,69.02857143,55.3016,57.82070707,57.6,60,60,1
67.6,57.9,74.3,66.6,65,65.2043956,53.72112676,65.4,70.3817734,53.336,39.01958763,51.44545455,74.18181818,61.54098361,57.9659292,63.2,60,60,71.1,79.8,67.93333333,79.6,84.1,61.54242424,73.42077922,45.3,62.29516129,30.5,64.27318841,56.13503401,67.4970297,61.3122449,64.03657407,80.5,60,60.7,0
47.6,79.7,37.3,60.2,67.10163934,55.51234568,62.88245614,62.5,60.22739726,69.95359116,46.57586207,60.55398773,66.32906977,48.28208955,59.21071429,64.2,60,60.4,49,60.1,71.8,65.7,51.3,59.25454545,67.11518987,44.46470588,62.55505618,64.07605634,74.53170732,83.87889908,57.14662921,65.94913793,62.17489879,64.5,60,60.6,0
61.37419355,65.70967742,59.5,77.4,62.2,60.481,71.20666667,56.96451613,62.66,76.2,65.9536,64.13867188,61.21047619,73.96823529,61.95736041,58.9,60,60.4,36.1,67.88888889,72.2,59.7,55.5,56.12282609,58.77042254,55.7,63.9026178,61.042,47.14183007,63.18916667,57.90769231,72.84661654,61.45512195,63.2,60,60,1
38.2,59.4,43.4,56.4,51.5,52.16373626,66.27804878,85.8,65.91898734,62.8,45.9576087,66.82401747,68.96666667,58.26643357,61.70423729,36.9,60.1,60.9,54.6,63.5,84.9,68.9,67.9,52.52063492,58.89032258,58.8,70.14432432,81.21344538,66.39506173,65.52062937,61.32918455,63.5568306,61.26983696,60.1,60,60.5,1
64.3,89.8,64,81,62,66.99550562,71.77572816,69.2,71.70949367,59.16803279,62.33298969,46.82295082,59.58865248,57.38211382,56.56021898,64.8,60,60.9,93.6,69.625,84.6,75.1,30.4,57.54482759,64.80273973,57.9,64.9,55.75608108,47.2620155,51.7947644,49.58679245,62.01748252,65.38541667,63.6,60,60.2,1
60.3,64,69.085,68.3,61.6,74.10561798,59.83014706,41.7,61.84228571,54.6,55.09450549,68.77573222,59.41549296,59.41459854,60.18215768,63.9,60,60.4,89.5,67.33333333,63.3,48.28333333,64.2,66.10442478,52.31694915,49.2,57.924,56.96390533,48.27179487,68.61618497,68.96775956,73.57817259,59.45875,60.2,60,61.4,1
73,74.05813953,54.58571429,65.6,61.6,62.97435897,72.45483871,66.2,64.05096154,70.16692308,73.57704918,59.94366197,83.0965812,62.88550725,62.41352459,55.1,60,60.3,28.9,79.2,53.8,64.3,48.6,72.3245283,48.24680851,57.5,58.70222222,45.94611111,57.33653846,62.2405,62.60430622,73.44301676,57.40373444,64.4,60,60.2,1
47.9,65.19411765,68.6,52.6,61.5,57.74285714,68.37567568,57,60.949,62.6296875,60.81,73.16481481,65.6775,56.7,63.25925926,64.7,60,60.6,45.7,69.26760563,71,79.7,65.6,60.74946237,63.16849315,67.2,73.07431694,63.11566265,66.6377193,65.14724409,69.59648241,65.26890244,61.80507937,65.4,60,60.8,0
61.2,59.00945946,67.67464789,77.9,83.5,59.73263158,60.46132075,51.8,63.25496689,64.06,61.15857143,56.38210526,62.28341463,53.48571429,63.76045627,59.7,60,60.4,71.6,63.59722222,74,78.4,62.6,67.54155844,67.17285714,82.2,63.11243781,64.94098361,54.37254902,52.60721649,68.83743017,63.31081081,59.66409266,53.5,60,60.7,0
55.7,71.10769231,49.7,79.3,64.9,55.94537037,74.444,66.2,55.83487179,64.06,67.53828125,52.06700508,59.98211921,69.93305085,60.9814346,63.2,60,60,69.3,82.42033898,59.3,37.725,49.2,54.07794118,61.97692308,51.7,59.96524823,73.9,66.75803571,52.45126582,64.97424242,69.64662162,59.33688889,29,60,60.5,0
62.5,69.87674419,55.8,63.4,43.9,49.70549451,58.688,76.7,72.45252525,65.45634921,57.17272727,81.84833333,67.92941176,45.66449275,58.64805195,63.9,60,60.3,60.8,73.78461538,73.5,62.5,65.4,52.07752809,56.67230769,71.9,70.1969697,41.6,58.33115942,70.23061224,57.73649289,60.42156863,61.14054054,64.8,60.1,60.7,0
80,67.1,63.5,76.7,77.2,54.95111111,57.40963855,59.1,64.62139037,73.6,54.14507042,55.4605178,66.78509615,67.77115385,64.27555556,64.2,60,60.7,63.5,51.70909091,77.5,67.1,64,67.46938776,67.42323232,79.1,70.30494505,59.55209581,64.90265487,57.27241379,64.50957447,57.928,61.99090909,63.6,60,60.2,1
55.8,47.2,52.1,59,70.2,51.01782178,51.27058824,89.1,70.21420455,70.35462963,45.04029851,66.00730594,72.15855263,68.21607143,61.05436242,65,60,60.8,49.8,72.70895522,52.6,69.6,64,64.13076923,53.74210526,40.9,58.60128205,63.87241379,66.36074766,69.4515748,53.28343558,65.39548023,59.47582781,59.6,60,60.6,1
64.8,79.6921875,71.6,67.3,63.55932203,62.425,59.69538462,67,65.01694915,58.98866667,54.38059701,55,58.61448598,60.36884058,66.4216,62.7,60,60,62.23611111,62.6,72.2,69.2,57.2,73.26829268,73.42394366,72.1,60.82919255,53.20530973,57.02682927,56.65555556,60.18562874,61.08833333,59.80772532,64.3,60.1,60.7,0
39.3,68.9,68,57.3,70.9,48.01764706,57.77777778,39.80192308,55.43405797,57.76137931,48.14545455,61.80229885,52.49354839,53.39861111,64.18502203,63.6,60,60,70.14166667,65.9890411,76.9,76.6,62.05,67.11165049,57.84155844,68.65,71.74413408,58.02946429,61.32947368,66.47033898,78.67552448,69.2875,64.31320755,64.5,60,60.8,0
42,72.32857143,59.4,75.5,55.2,56.82692308,66.94852941,75.73278689,64.12248521,53.30613208,31.13333333,59.51506849,65.45300546,66.74295775,61.84458874,77.8,60,60.3,70.6,71.3,66.4,70.9,57.1,77.6908046,58.303125,69.5,59.90652174,47.73135593,75.25086207,59.41774194,65.38513514,70.59440559,60.41206897,63.9,60,60.3,0
68.1,69.12727273,66.7,88,74.2,63.5954023,74.20588235,78.80735294,68.72071006,86.24941176,67.68513514,73.90788177,58.29677419,60.01893939,65.9976,39.7,60.1,60.8,31.2,54.1,70.94237288,43.6,35.81904762,53.02839506,51.98035714,56.7559322,68.09025974,52.40461538,43.56064516,45.15544554,60.11693989,52.38951049,55.3936803,63.6,60,60,1
68.31186441,69.9,60.8,73.865,80.3,66.30675676,68.33939394,75.3,66.48258065,63.22247191,59.47241379,54.77892857,57.06684211,53.27194245,59.88764479,62.037,60,60.4,59.4,61.9,63.2,56.61081081,61.8,51.58554217,67.77428571,44.2,59.14120879,61.042,54.91370968,61.07468354,45.17030303,64.47560976,63.41264822,58.7,60,60.4,1
31.34285714,76.5,64.3,68.26,56.5,42.04315789,61.012,66.5,67.26810811,47.1220339,64.15172414,66.06040268,57.26319444,50.99666667,64.37733813,64.8,60,60.7,60.4,83.9,51.3,83.5,61.3,88.14375,64.16823529,73.6,57.72328767,62.70509554,65.18031496,78.4352459,59.77767442,71.78181818,59.09119718,63.9,60,60.5,1
68.1,74.115,79.4,80.6,67,62.10571429,62.4890625,61.4,54.89594595,55.89292035,69.16948052,48.99388889,70.9125,66.7923913,63.42253521,58.9,60,60.6,78,63.9,69.4,65.3,69.4,56.08247423,62.43544304,44.1,56.86842105,61.042,48.83821138,50.72037037,64.79018405,47.8448,61.85347826,62.7,60,60,1
74.4,87.19032258,55.2,50.3,69.10344828,48.27681159,56.81864407,70.9,60.9835443,57.12718447,54.5029703,59.57175573,39.90241935,59,61.66666667,59.7,60,60.4,61,71.63780488,81.8,92.4,62,67.83333333,68.11973684,49.1,60.48085106,51.7,75,55.00724638,68.90352941,72.34666667,61.71168831,30.9,60,60.3,0
63.6,46.94367816,77.4,71.7,82.8,57.66216216,67.77755102,62.8,68.3621118,63.13450292,71.3592,65.94050633,51.7450237,74.94899329,62.21169231,65.1,60.1,60.9,42.8,66.7,44.2,76.7,64.28421053,52.49268293,60.31518987,71.1,68.6,79.286,54.16666667,60.05795918,57.39268293,65.37971014,59.51849711,60.67,60,60.4,1
91.8,62.16071429,71.9,44.5,64.1,53.07333333,71.32325581,75.70153846,67.71586207,66.18571429,57.74328358,60.92777778,59.92701422,64.57777778,65.21877023,46,60,60.7,60.9,59.61052632,70.3,66.4,82.4,72.97954545,58.41449275,62.98918919,59.18909953,57.475,57.05233645,64.29076923,65.70526316,67.02857143,59.64376997,55.8,60,60.5,1
56.83521127,67.56619718,79.72957746,79.6,79.7,60.55641026,50.84588235,78.24788732,61.07320261,68.06052632,66.85957447,68.87570621,69.35163043,73.60900901,61.34328358,64.8,60,60.6,59.2,73.8,60.1,47.5,47.1,54.06296296,54.83529412,44,65.31411765,65.1369863,33.13818182,48.00547945,62.81158537,57.2,63.67954545,56.8,60,60,1
64.28656716,53.2,58.77878788,60.84545455,51.5,60.09247312,66.25492958,69.75454545,64.16181818,81.06850394,60.66363636,60.55179856,73.53963415,70.79285714,64.19458333,64.6,60.1,60.8,57.8,47.8,73.2,51.56615385,28.8,47.06307692,51.30769231,60.196875,57.10326087,49.4204878,71.57931034,50.0504,66.51968912,59.50689655,63.45862069,63.2,60,60,1
62.2,64.49166667,71.1,63.9,63.8,63.46,47.52307692,53.2,59.02616822,63.05958904,66.75774648,40.24375,62.78251366,63.39208633,67.64803922,76.8,60,60.5,35.2,67.25783133,84.1,60.1,70.3,59.35,66.17391304,72,62.22344828,63.12061069,60.5745283,49.86015038,73.71147541,56.35722543,60.25864407,65,60,60.8,0
60.4,75.93235294,61.02205882,59.2,67.8,44.77625,53.93529412,40.47058824,55.35520833,55.89928058,71.43191489,69.5443662,69.25714286,61.51155556,60.20097403,58.9,60,60.2,48.98571429,67.88235294,51.7,46.04315789,80.7,52.97142857,52.25057471,47.4,68.17522936,65.90986842,55.90350877,73.6375,66.10707071,68.11548387,60.79425676,50.2,60,60.7,0
44.83692308,61.2,53.7,72.2,41.6,58.24492754,60.20757576,58.4,70.42810811,51.71886792,62.73220339,54.94444444,62.93529412,58.34148936,61.72076271,63.1,60,60.1,55.1,61.7,70.3,74.9,63.3,75.57699115,62.71157895,65.9,55.27878788,42.3,62.50230769,56.08498024,64.59837838,44.6,61.31013216,58.7,60,60.5,0
41.2,68.39634146,67.3,75.2,53.2,51.63478261,62.485,57.1,63.05358852,73.03032787,46.59508197,46.65314685,44.25493827,45.50491803,60.33427562,39,60,60.6,68.01639344,57.2,68.9,76.1,74,73.15909091,68.48225806,89.5,68.06,53.93546798,69.74513274,59.53532338,65.42488479,62.46815287,59.26978417,64.5,60,60.6,0
79.3,68.4,70,74.5,80.4,66.38190476,74.61857143,67.7,59.25878788,64.06,50.16190476,54.05473251,62.05116279,72.88396947,61.65426009,64.5,60,60.7,66.2,75.91710526,55,88.6,76.2,57.4,70.43768116,55.2,67.54873418,51.3,45.93100775,49.66618182,58.61216931,55.91448276,60.9464135,43.5,60,60.3,1
58.83943662,53.5,65.61408451,65.95211268,59.3,70.20909091,66.35540541,73.72112676,72.31403509,50.4,58.24150943,64.26,79.25049505,64.5647482,62.3996337,64.8,60.1,60.8,57.88405797,66.83287671,85.3,58.97971014,70.6,61.35238095,77.43513514,53.1,53.05508021,53.24210526,74.17552448,59.74189723,63.781875,57.52096774,58.8162069,63.6,60,60.1,1
62,66.8,60.3,44.51176471,44.1,66.99473684,64.54705882,90.6,72.72,60.24615385,48.64251497,37.05508475,69.47566138,72.62926829,62.72660819,64.8,60,60.7,63.1,90,76,74.1,63.7,84.26190476,65.07241379,66.3,60.02608696,77.75175879,61.72608696,58.40229008,56.91907216,67.05625,60.76360947,65.2,60,62,0
74.1,67.90714286,55.6,87.2,63.6,58.75773196,53.725,63.1,67.71298701,64.06,60.67746479,64.03981763,57.9814346,67.080625,59.88654971,64.8,60,60.8,62.8,63.35696203,64.8,53.9,67.7,63,68.85897436,75.8,65.8292887,54.55721925,60.34680851,53.15,56.8,58.2,64.62785924,65,60,60.7,1
69.5,72,58.8,61.05230769,70.9,77.79438202,71.84090909,72.03384615,72.84294118,69.3,77.32019231,76.4286385,72.945,57.7462585,58.35988858,59.9,60.1,61.9,50.1,31.23015873,59.8,46.2,52.1,53.36533333,62.5546875,49.6,56.89882353,61.042,61.22083333,42.85843621,52.33333333,62.2252809,66.31218837,42.1,60,60.8,1
29.2,52.1,57.9,53.2,29.5,56.36744186,73.32222222,79.3,69.81883408,61.9,65.43571429,57.54316239,57.13513514,58.79823009,60.488,63.5,60,60.4,56.9,77.196875,62.6,69.8,65.7,49.46666667,62.6,90.1,68.58051948,87.12321429,56.64470588,68.40632911,55.35021834,63.02,60.89283019,64.5,60,60.7,0
78,71,69.6,79.8,75.4,55.4495935,63.43488372,89.6,64.67795699,58.8,60.14258065,63.19576923,56.72644231,40.84929577,61.48018018,63.1,60,60.2,84.3,51.61805556,70.4,53.7,57.1,77.43888889,64.0038961,78.2,67.1855615,55.04666667,49.75341615,75.05677966,60.11356784,62.5625,59.54864865,63.1,60,60.2,0
86,61.85454545,65.1,76.4,70.2,55.70989011,77.88688525,35.1,57.9447619,49.5755102,58.52016129,74.97284768,67.19157895,68.97794118,68.36419753,64.3,60,60.9,71.6,53.86216216,62.3,72.3,56.6,78.475,58.54177215,62.5,61.67486339,67.7,54.5,63.82526316,67.7776,69.32682927,57.41992188,63.6,60,60.3,1
60.4,45.11794872,55.4,67.4,55.9,55.33529412,61.49726027,58.2,69.14516129,74.26745283,66.65,65.7125,62.72850877,63.83355263,61.88679245,64.8,60,60.6,65.1,50.9,57.2,70.9,57.4,52.47692308,55.52469136,47.8,66.80913462,66.052,69.9253012,61.33823529,54.00591133,65.91870968,60.73290598,53,60,60,1
44.9,63.60963855,47,60,44.3,46.32820513,67.84216867,62.06769231,67.30068493,64.06,61.43846154,59.63116883,65.51928251,53.86829268,60.5954918,64.5,60,60.8,63.3,61.9,58,77.9,61.3,59.75641026,76.69726027,63.18133333,61.59821429,72.6,66.09915966,74.72436364,52.64511278,61.85481481,64.47142857,63.2,60,60,1
70.4,73.1,65.5,44.80246914,71.5,63.13235294,71.67536232,45.26338028,70.18321678,77.11333333,51.78305085,53.36203209,70.088,57.5952381,62.19484536,64.2,60,60.5,56.42982456,56.9,67.2,58.3,44.2,79.67222222,66.45932203,65.2,58.72207792,68.66066667,50.34366197,55.66896552,83.3884058,49.84675926,61.14275862,56.5,60,60.7,1
63.2,82.20746269,74.1,62.71111111,46.2,57.35862069,57.45373134,48.77936508,59.99681529,51,64.70632911,60.53924528,72.40967742,61.38497409,59.75825688,56.8,60,60,62.9,56.78536585,65.3,77.2,61.3,79.17380952,61.82054795,70.4,58.00909091,60.2503268,58.84226804,54.19568966,66.81525424,66.498,62.25270936,60,60,60.6,0
54.2,70.192,52.9,65.5,60,62.32542373,54.68392857,51.8,56.65193798,74.2,58.93068783,57.52870968,67.00747664,72.25,60.23905109,62.037,60,60.8,54.2,67.66470588,83.6,67.1,67.6,55.64271845,63.33409091,68.9,58.8122549,55.12790698,50.31686747,70.00609756,53.89099099,75.23478261,63.13021583,63.6,60,60.2,1
57.8,64.84225352,76.2,66.7,65.9,64.96829268,51.24428571,64.4,57.60203046,64.63902439,79.68189655,58.69822485,58.75714286,67.36484375,58.34104938,44.1,60,60.6,50.6,61.4,69.1,45.9,48.6,60.85060241,62.83220339,46.1,65.61045752,56.62907801,50.33884892,71.00909091,58.70561224,63.75142857,62.1278481,60.5,60,60.8,0
75.9,70.2,47.7,77.6,78.7,73.0483871,69.45974026,47.78133333,53.39121951,36,45.58736842,69.76616915,56.3955414,62.51452991,59.34656489,60.2,60,60.4,69.5,66.45714286,60.4,78.1,71.94339623,60.1220339,60.64528302,78.8,64.43,48.92322581,59.21875,52.73868613,64.39190476,59.5190184,63.02393822,64.7,60,60.5,0
71.2,72.5,65.4,96.1,44.4,87.74347826,65.48192771,85.7,66.21278195,75.57294118,59.48133333,66.69924242,57.05098039,61.42521008,59.28893617,64.5,60,60.7,41,65.11186441,62.5559322,38,64.56774194,64.74235294,51.29759036,61.47457627,66.25645161,55.1,59.85096154,45.63135593,61.16917808,48.05,67.23157895,63.1,60,60.1,1
53.2,72.5,66.4,61.35428571,72.3,73.91456311,56.37352941,81.5,52.77206704,64.06,58.34537037,57.62258065,50.14942529,63.71776316,64.47647059,63.1,60,60.2,59.2,67.3,61.9,51.7,70.2,74.99058824,65.57741935,79.2,68.44785276,61.042,66.80361446,65.1486166,72.70714286,52.45779221,59.99959514,37.4,60,40.8,0
60.1,64.036,64.9,70.5,66.3,48.7172043,63.63918919,53.1,54.8009901,64.06,62.89814815,70.16518219,67.29722222,79.62118644,57.64818841,90.9,60,60.3,53.8,56.51,74.6,50.6,56.1,43.26413043,47.088,65.3,63.33565891,77.22911392,64.70472441,57.76115108,78.60410959,55.59298246,64.80227273,46.1,60,60.7,0
72.6,91.5,85.9,65.7,55.2,71.86202532,63.53968254,69.2,56.55,67.85571429,63.95319149,53.10516129,67.50238095,67.61463415,63.8626506,39.8,60,60.5,44.1,78.5,55.2,53.3,61,67.41294118,63.33684211,64.74444444,63.16413043,51.85657895,44.87222222,65.54017094,63.84109589,69.74341085,61.03545817,33.6,60,60.5,0
57,67.2,51.4,66.2,63.5,54.59583333,52.06944444,73.5,56.93958333,61.25454545,62.2025,58.19296875,70.58,62.44045802,68.41290323,57.7,60,60,89.1,78.66486486,48.9,67.3,40.5,53.425,58.64827586,59.1,65.04761905,65.80972222,66.57394366,52.59177215,61.36633663,65.28082192,53.89656863,60.7,60,60.5,0
60.6,75.44782609,64.4,50.9,46.7,46.39384615,68.77272727,76.7,67.09438776,76.56375,60.02372881,62.17823834,71.05337838,69.20612245,65.63375527,51.5,60,60.5,40.1,55.4,53.12280702,48.9,63.9,66.26666667,66.57894737,33.6,57.88888889,57.97258065,52.62051282,54.92885906,50.63756906,65.8,56.41983471,59.8,60,60.3,1
81.4,92.1,69.2,89.2,77.2,74.13666667,63.52,74.9,66.118125,61.79859155,72.63205128,72.7637931,61.98269231,57.49469027,60.7276,63.9,60,60.5,73.4,74.7,71.1,61.96428571,41.7,62.77164179,62.87192982,59.7,64.62933333,58.22894737,34.25271318,55.27142857,64.81733333,47.8844086,62.8,59.7,60,60.4,1
47.7,46.05,70.4,69,76.1,52.82439024,65.82898551,84.2,66.80509554,50.83584906,44.85350877,62.6919598,52.46835443,67.23455882,60.07300885,64.5,60,60.5,73.9,77.3,68.8,76.7,54.7,47.07878788,62.92727273,56.6,69.12739726,61.62631579,66.14918033,57.34492754,55.54727273,63.784375,60.50423729,63.1,60,60.3,1
76.6,60.60169492,62.9,69.7,73.2,56.35405405,78.46440678,84.7,70.41049383,64.06,63.34712644,60.36348548,56.47419355,59.91632653,59.25221239,81,60,60.5,61,82.6,70,46.8,62.7,62.13052632,84.71369863,55.9,61.59418605,61.37711864,46.66386555,69.12517986,59.52171429,63.13877551,60.31772152,62.6,60,60,1
54.4,40,73.5,62.9,53.4,63.92333333,64.21304348,77.6,60.38493976,58.35517241,54.15862069,63.19120879,55.73728814,61.15481481,61.33934426,63.1,60,60.1,76.92571429,50.39857143,59.7,61.8,47.3,60.81052632,49.975,79.6,66.86590909,66.87135678,60.2852459,58.32857143,62.77567568,78.65384615,60.79831224,64,60,60.7,0
52.2,75.7,84.3,65.6,90.8,83.9884058,53.4296875,87.5,59.77731959,64.06,59.78552632,54.80805861,67.80432432,68.63555556,60.02488688,63.6,60,60.3,62.7,70.5345679,58,64.3,67.2,47.71428571,56.54594595,56.2,64.72978723,71.4,41.76478873,62.06382979,52.28064516,62.88333333,61.88687783,63.6,60,60.5,1
54.8,61.2,59.5,49,55.74230769,56.66190476,66.14342105,89.9,75.17614679,63.39741379,59.82362205,52.06851852,61.19756098,73.57835821,65.79448819,64.3,60.1,60.8,58.5,62.12786885,69.21355932,66.9,67.1,77.31219512,59.104,63.2,64.27361963,61.042,65.72884615,67.26482759,53.53066038,54.93764045,60.0247191,83,60,60.2,1
61,75.37272727,53.9,51.7,46.8,64.8943662,65.76329114,66.6,69.25555556,52.45,61.4696,55.24228188,60.60247525,71.32432432,58.86483871,64.8,60,60.6,71.8,80.89811321,54.11136364,80.6,59.4,73.71733333,61.99571429,42.8,66.05833333,85.36276596,58.97272727,62.16090909,59.02366864,50.49375,60.28333333,50.1,60,60.6,0
62,63.635,64.4,79.1,80.5,57.676,63.92625,50.5,61.11958042,64.06,68.90242424,52.91275862,50.25462555,59.0802139,56.69147982,63.6,60,60.4,64.60808081,73.16521739,62.3,59.9,37,61.2,67.11235955,90.7,69.27281106,44.35655172,54.92752294,51.87793103,65.29612903,71.26618705,66.16863636,63,60,60.4,0
64.90454545,64.2,67.1,76.7147541,78.9,61.80131579,66.48169014,80.5,57.15625,63.28606061,66.80583942,59.82362637,53.59312169,78.93851351,65.16255708,63.5,60,60.6,57,80.43636364,44.3,69.6,64.64864865,61.12767857,56.63717949,61.4,64.72681564,69.50588235,56.55263158,49.68835616,63.11111111,66.44188034,56.964,62.6,60,60.4,1
75.7,62,64.72222222,81.6,63.28888889,66.69784946,61.86031746,59.73333333,63.13860759,61.45856354,48.64576271,74.10506329,68.6479798,70.76298343,62.04360656,53.1,60,60.8,59.23684211,66,58.3,62.24230769,66.3,53.89767442,65.60625,36.94736842,54.47075472,56.1,56.44772727,53.7807377,74.5452381,60.81516854,62.54126984,26.4,60,60.4,1
44.4,59.6,55.7,69.9,49.5,55.48170732,56.14285714,49.33714286,62.3052356,54.18571429,57.86082474,63.1328125,53.31578947,59.23681319,57.42517986,81.6,60,60.2,80.39402985,70.32,66.78208955,59.7,70.3,55.52695652,60.57903226,86.03134328,67.76206897,82.4,69.88099174,55.91075269,67.29378238,75.62377622,64.21698113,55.9,60,60.9,0
75.5,69.9,72.5,57.6,68.2,54.373,65.83478261,76.3,73.6,63.225,55.490625,39.12681159,64.81744186,76.1,60.56501901,64.6,60.1,60.8,66.2,60,61.9,78.2,66.5,70.25263158,60.65483871,65.4,63.13953488,79.4125,55.26,59.98955823,45.18594595,52.15,62.36405694,61.7,60,60,1
68,64.5,64.2,73.3,62.6,70.38169014,77.20701754,49.9,62.32960526,63.456,69.03870968,63.9132948,61.6685567,65.45,57.55870445,64.5,60,60.6,74.6,58.24756098,53.5,58.4,67.9,66.42857143,67.57733333,60.2,63.9032967,51.7,55.35111111,50.61255814,61.62763158,65.93333333,65.6054902,78.4,60,60.2,0
60.80136986,72.55652174,89.11714286,82.8,72.3,58.87948718,70.32073171,75.21304348,67.9603352,58.69478261,49.81666667,75.04171779,64.64084507,64.45286624,60.4088,59.2,60.1,60.9,67.2,69.9,59.275,62.4,66.12222222,68.38030303,72.07866667,60.90555556,57.76757991,67.5,46.94387097,53.99157088,57.12820513,71.08888889,61.06872727,60.67,60,60.1,1
57.3,78.5,69.9,85.3,71,65.7125,67.73950617,74.8,70.5425,66.35964912,64.15636364,59.67977528,63.20526316,63.3,60.02666667,63.1,60,60.1,57.5,70.64651163,47.3,51.9,53.4,57.40508475,59.90888889,88.5,58.74761905,28.8,63.50285714,61.20608365,55.66298343,54.77586207,62.53148148,64.5,60,60.5,1
70.7,69.32098765,59.31395349,92.6,80.27647059,71.68764045,68.81216216,78.95616438,66.52849741,71.2481203,46.85742574,69.81666667,67.95932203,50.53037037,65.66770186,65.3,60.1,60.9,63.1,64.6,67.9,76.1,70.8,63.99594595,57.8852459,50.62333333,61.10545455,47.91516393,56.58309859,36.74081633,58.72090395,48.67558685,59.74029412,64.4,60,60.3,1
55.6,66.17936508,71,57.51346154,49.9,42.88867925,56.41029412,54.1,65.15461538,79.9981982,56.68515625,69.70958904,63.35808824,59.70721649,61.00973783,59.9,60,60.2,60.8,43.45454545,60.5,47.8,88.6,54.61707317,52.6047619,48.95230769,69.39855072,62.96233766,69.94526316,68.69006211,68.2495935,63.98275862,64.47992126,76.6,60,60.7,0
63.48831169,85.72903226,67.1,72.6,56.5,55.2,64.425,70.6,66.14236453,60.68611111,46.16857143,54.01775701,60.86666667,61.3,64.56340206,61.7,60,60,49.41132075,66.9,78,81,87.2,75.93918919,64.31267606,40,59.32083333,55.3,56.68855422,49.64839744,58.15317073,64,61.56276596,55.2,60,60.4,1
56.3,70.65857143,61.9,79.3,87.5,61.71938776,54.90882353,45.2,63.03229814,60.74954955,47.45384615,51.41944444,70.0016129,69.94365079,55.26412556,45.8,60,60.7,69.88414634,79.5,52.8,67.4,65.5,63.55844156,63.03235294,21.4,56.39082569,66.64210526,54.42773723,63.08837209,57.45939394,63.2414966,63.37531381,63.2,60,60,1
58.55833333,85.05333333,59.3,55.2,49.9,59.85287356,57.45555556,79.67142857,72.575,60.55327869,60.96015625,61.78715596,71.89542857,57.83357664,59.53737024,64.5,60,60.7,75.4,68.39701493,62.6,60.19677419,62.4,74.42439024,74.65441176,83.8,59.73896104,56.46923077,67.53219178,64.15775401,53.3856383,53.34683544,68.74931507,58.3,60,60.5,1
53.91428571,60.06626506,74.7,66.7,61,70.71176471,75.00149254,56.66666667,57.65396825,65.6,60.66695652,59.53222749,59.85674157,66.98630137,62.02749004,65,60,60.8,46.7016129,69.8,60.9,75.8,68.1,59.76666667,61.30862069,48.28387097,57.7625,59.16263736,49.2992,62.10536585,63.19183673,66.1664,63.22925926,71.5,60,60.1,1
81.4,86.76333333,48,66.3,68.1,59.22898551,70.6015873,55.7,59.84358974,57.04146341,67.12,71.71798561,55.4994152,54.2,58.51312741,60.1,60,61.7,56.1,75,61.9,55.6,43.1,60.85443038,63.63428571,59.03787879,71.10636943,41.48082192,47.0744186,65.79491525,68.25679012,43.2968254,62.948659,63.9,60,60.5,0
65.30537634,83.71351351,76.8,60,85.51232877,65.97407407,64.258,85.40416667,68.72413793,58.97037037,47.24230769,64.22898551,77.93955224,69.75178571,64.01850394,55.1,60,60.9,60.2,77,67.3,59,48.75957447,59.35483871,51.47333333,42.2,66.62890625,53.51204819,45.66078431,50.06371308,48.68032787,61.49931973,62.16765799,63.6,60,60.1,1
90,54.27866667,83,71.8,63.4,71.15918367,67.5987013,68.1,66.18242424,55.43757962,50.14744526,47.5875,56.98104265,55.88343949,65.9164751,81.8,60,60.6,85.4,78.1425,57.9,74.4,80.4,73.14,65.76285714,84.7,67.83439153,57.1,54.41965812,47.23319672,54.21863354,60.74552846,53.585,63.9,60,60.6,0
58.65555556,61.3,60.9,67.1,78,68.31558442,65.06349206,56.5,64.32457143,51.31974522,62.62336449,60.07280702,57.25036496,65.93333333,62.84479638,63.6,60,60.3,63.2,81.2,66.4,65.4,62.12786885,69.53018868,62.61967213,73.5,65.92028986,61.22844037,64.22785714,55.67164179,59.41538462,74.22734375,60.86199095,63.6,60,60.3,0
39.8,59.2,72.5,51.1,66.1,64.8,71.94,73.3,58.64689266,55.65862069,38.27333333,55.23413462,57.21538462,70.40780142,60.39778761,73.8,60,60.5,83,71.6,83.8,71.2,76.1,69.98305085,55.85172414,68.4,71.64393064,78.09583333,50.75142857,59.74391304,69.11818182,68.97791411,62.33617021,63.1,60,60.1,0
46.2,94.8,67.05970149,73.3,84.5,57.61888889,65.36623377,79.4,63.2625,50.4,61.89115044,61.31026786,41.13121019,58.03253968,62.93237705,59.9,60,60.7,47.33333333,79.18032787,52.8,57.4,68.2,69.44901961,70.42622951,63.475,59.625,61.042,55.23694268,61.7530303,62.21966292,54.7884058,60.384375,58.3,60,60.2,1
79.8,77.66666667,59.3,76.9,62.4,79.36438356,65.29555556,59.7,71.23289474,71.71590909,61.16344086,67.69779412,61.7122449,57.19632353,65.58947368,60,60,60.6,56.9,66.79125,56.9,56.6,50.8,58.73170732,54.18382353,49.8,66.62034884,47.10503597,47.82743363,53.5056962,62.20254777,50.77460317,60.19328063,71.9,60,60.3,1
79,76.87,64.6,61.2,70,63.16184211,48.8359375,64.4,68.60229885,63.85868263,56.09922481,90.89318182,55.91936937,70.66735751,64.57007874,63.9,60,60.3,65.4,67,63.1,27.3,56.4,57.92363636,64.88227848,69.9,67.25388601,49.848,51.825,64.44082397,50.79506173,70.55348837,59.36774194,82.1,60,60.6,0
42.5,57.96760563,67.1,56.4,46.7,41.672,60.14459459,70.8,64.39765625,66.48306452,74.69411765,64.4496124,73.96609195,66.2943662,61.253125,64.7,60,60.7,39.8,70.6,50.4,71.1,50.9,58.52608696,67.97428571,40.8557377,57.72048193,68.6484375,68.30119048,73.31144578,52.34736842,58.73219178,60.64924242,64.2,60,60.4,1
70.9,64.2,76,63.3,56.59722222,75.37272727,65.74935065,85.8,70.90434783,54.88020305,59.78431373,67.82715232,68.90297619,60.25,60.85591054,64.9,60.1,60.9,70.3,68.56451613,66.9,60.6,70.8,47,60.93428571,62.4,69.21387283,61.042,54.979375,52.09055944,47.22164948,59.43289474,59.64589666,63.9,60,60.5,1
68.88,64.8,62.664,74.89866667,65.1,55.64468085,72.93902439,84.152,72.82512563,55.1,75.83148148,79.43567839,64.81315789,66.65714286,61.61590909,64.6,60.1,60.8,53.8,52.04727273,56.2,66.3,53.8,66.27142857,53.53684211,66.28333333,61.96217949,58.34871795,48.40774648,57.03465909,57.06494253,56.29090909,60.33754513,64.2,60,60.3,1
73.7,45.7,75.3,62,76.30121951,59.61944444,77.36395349,42.8,56.36682464,61.2,62.62207792,71.87038462,70.04793814,64.65253165,63.53249211,62.037,60,60.8,55.8,56.9,63,50.9,74.4,55.03333333,46.74,47.4,57.15722222,62.65435897,54.43863636,71.70706522,71.68241206,73.83425414,61.9056962,60.8,60,60.4,1
61.8,74,70,62.5,74.3,50.85365854,70.81428571,73.7,70.32348485,64.06,49.54939759,48.722,65.47466667,62.00239521,60.1284,81.8,60,60.5,90.7,75.30379747,69,71.3,59.4,60.41212121,66.64047619,54.9,64.98300971,49.8,53.14074074,59.50718954,59.08461538,45.26198347,59.94484127,63.6,60,60.3,0
64.8,59.47297297,69.51428571,61.1,79.7,60.38712871,64.43428571,52.1,57.9281407,54.75967742,44.76854839,47.26691729,53.68728324,44.21640625,63.25126582,63.9,60,60.4,90,85.07671233,70.93870968,69.5,87.60985915,67.62297297,75.17692308,85.51451613,71.7154321,63.70941176,62.65874126,52.96349206,66.06431925,60.4808642,56.99509804,64.6,60.1,60.8,0
90.7,84.52835821,68.7,90,79.1,57.86403509,68.50285714,60.2,63.60827586,65.78348624,40.54220183,61.73589744,62.8885906,66.42181818,63.66403162,63.9,60,60.3,64.9,57.40338983,60.68028169,40.6,39.4,61.3796875,70.95555556,41.2,55.4414966,66.49855072,41.34444444,55.57575758,57.77719298,41.60151515,60.99919679,64.7,60,60.4,1
74.32168675,57.75,47.875,39.2,91.2,66.46779661,62.1296875,67.27457627,71.55,64.06,52.89869281,51.67340824,68.97513514,68.53661972,62.20833333,78.2,60,60.9,65.2,65.25147059,63.196,74.8,43.5,66.74886364,72.24852941,58.04558824,62.86141304,61.042,57.70402685,63.9685446,53.38787879,58.21923077,59.62142857,62.6,60,60,1
70.4,68.6047619,54.7,78.8,62,60.8754717,63.46206897,88.5,74.05,55.08965517,70.92129032,53.74516129,63.28611111,60.18502415,61.00082305,61,60,60.7,71,72.53253012,58.4,59.2,66.1,63.74859813,59.47560976,60.3,65.01818182,32.4,59.7744898,64.55762712,59.12123894,51.49469027,62.38023256,62.6,60,60,1
34.7,56.49220779,51.4,65.8,43.69552239,47.13055556,52.67777778,33.4,56.45846154,59.4,53.28591549,48.63303167,70.73571429,67.22101911,64.5203252,63.9,60,60.1,61.2,77.30666667,61.1,61.6,64.1,66.18888889,69.43770492,56.5,62.50993789,75.92718447,78.64,69.64537037,69.34137931,82.34255319,62.76510638,64.7,60,60.6,0
62.7,70.5,53.6,68.2,63.03283582,60.07920792,55.51940299,83.8,65.14850299,67.88666667,60.83333333,58.88461538,63.55714286,66.78951613,60.6995283,59.9,60,60.7,69.6,68.25084746,61.4,63.8,64,57.24461538,63.05081967,62.2,60.29617834,66.81202186,70.19764706,54.72641509,57.41193182,66.44776119,64.45676856,52.7,60,60,1
75.3,70.55138889,56.2,54.40985915,86.1,65.09349593,72.70882353,53.5,54.58253012,67.2109589,73.76206897,58.68737201,60.55053763,66.58163265,59.68658147,64.7,60,60.5,41,66.6,48.9,62.5,59.6,72.70190476,58.12142857,51.8,60.20628272,58.78307692,53.44285714,61.65480427,70.59666667,70.13758389,62.73605016,60.67,60,60.7,0
47,76.96315789,50.9,61.2,54.9,52.1164557,74.67931034,78,69.87162162,56.97234043,59.31851852,44.08658537,52.45745856,64.3,62.65677656,64.2,60,60.4,77,52.98961039,67.4,77.5,71,71.49090909,58.50581395,69.9,75.78735632,72.42075472,66.444,59.97905759,51.10429448,65.6275,59.97249071,64.5,60,60.6,0
57.6,64.3,75.9,49.6,57.1,55.9671875,53.24098361,70.4,72.236,74.8,52.73478261,48.82875817,51.49111111,75.40656934,60.59782609,58.1,60,60.3,57.72054795,69.2,64.1,70.56161616,60.1,72.89382716,74.08842105,65.66666667,62.8974359,65.73921569,63.59518072,77.25242718,64.46853147,62.83193277,61.64264151,59.8,60,60.8,0
53.9,85.1,58.14457831,69.04950495,64.4,66.7,65.36969697,78.08658537,59.55324074,74.38347107,66.21904762,70.08043478,65.72971014,67.58369565,64.9652819,29.6,60,60.8,54.5,70.25416667,60.9,55.88695652,52,35.68085106,49.95689655,37.2,59.02601626,62.63602484,61.4746988,58.01845238,43.78831169,63.3125,61.54736842,56.9,60,60.6,1
60.5,73.90361446,61.4,65.6,52.7,87.75846154,47.92,81,70.71242938,61.04018692,42.8987013,58.99442231,59.60601093,56.06447368,60.4429078,64.2,60,60.5,74.8,55.5,55.7,68.4,64.1,57.15822785,62.35625,68.7,77.41828571,64.69794521,66.8373913,72.61386861,62.86255924,59.91320755,60.99964912,64.5,60,60,0
57.4,49.3,60.4,52.6115942,55.7,61.3552,63.95454545,62.9,57.32317881,69.51147541,45.853125,64.12341463,64.351875,59.14580153,59.74492754,80.7,60,60.7,61.2,73.19016393,65.9,60.4,61.6,62.17910448,71.53,47.8,59.88025478,39.3125,64.12013889,72.72025862,70.19771429,62.17961783,61.89754386,63.9,60,60.5,1
60.2,52.3,70.9,70.27532468,65.7,60.06363636,72.85128205,66.4,57.26666667,75.3,59.04130435,61.32591093,57.3480916,66.1300885,61.81290323,81.9,60,60.7,61,71.2,66.4,62.2,65.9,57.95913978,74.96271186,68.7,74.15362319,56.28783069,60.59649123,56.60378378,78.32025862,64.46230769,58.32339744,64.3,60,60.7,0
67.58833333,68.7109375,59.73666667,78.5,67.1,77.81818182,60.78983051,84.92,70.579375,64.06,61.88083832,60.86267606,52.6822335,67.33680556,59.07962963,65.1,60,61,59,70.2,55.08888889,78.1,48.0625,45.68333333,69.55308642,41.16527778,61.36243386,48.05116279,65.78,48.0539267,57.41333333,46.78888889,65.14089347,63.1,60,60.1,1
60,78.3,65.7,61.6,65.3,46.87479675,75.93411765,46.90731707,61.22578947,67.43117409,62.92213115,64.7313253,61.69402985,62.04045455,59.80707692,65.1,60.1,60.8,53.4,67.9,73.7,43.4,65.4,58.47678571,57.10421053,78.8,65.13410853,41.6,53.4374269,56.41972318,52.27366071,78.78251366,60.73652695,64.2,60,60.6,1
