YEAR,WEEK,TEAM,LG,LT,C,RT,RG,TE,HB,QB,WR,DE,DT,LB,CB,S,ST,LS,K,P
2016,1,ARI,65.4,69.8,65.2,55.3,56.23442623,68.55538462,72.25507246,70.7,72.93508772,67.90333333,66.8,62.24117647,64.21139896,65.88783784,58.98339768,44.2,60,60.6
2016,1,ATL,80.5,57,91.3,74.3,50.7,67.09506173,61.98395062,64.8,61.8791411,56.94594595,60.52898551,49.96105263,54.13491124,62.378125,62.30670927,60.1,60,60.6
2016,1,BAL,51.4,61.2,55.7,68.4,75.8,56.10526316,71.58941176,64.6,66.2625,59.15081967,64.01538462,58.55961538,69.62478632,69.0019802,60.815,82.6,60,60.4
2016,1,BUF,68.7,69.39836066,59.7,63.1,59.6,64.71803279,54.71578947,58.6,65.06869565,64.37822581,74.4,67.28345588,71.36079545,63.55185185,61.21780822,34.8,60,60.4
2016,1,CAR,53.7,69.27123288,68.1,51.2,61,71.01346154,66.38433735,75.6,61.91337209,62.7025641,51.00495868,69.57372263,55.97959184,50.25,60.06468085,64.5,60,60.6
2016,1,CHI,62.4,61,71.3,48.3,77.4,55.94461538,55.83943662,77.9,67.05369128,79.78091603,77.2,71.37123746,66.23970588,64.49328859,64.98421053,59.3,60,60.3
2016,1,CIN,73.7,66.9,57.9,60.77704918,64.5,71.30677966,64.6421875,65.1,76.63544304,54.73797468,61.33070866,58.17142857,64.61400966,68.15,60.02034483,64.5,60,60.7
2016,1,CLE,80.3,80.6,39.4,53.45660377,77.3,47.0640625,63.87777778,47.6,60.05658915,49.95486726,71.45263158,66.38965517,59.55126904,60.35900621,60.60735786,72.2,60,60.2
2016,1,DAL,43.4,72.63974359,68.5,55.3,85.2,61.45306122,51.3626506,68.3,59.67894737,61.2612069,44.83703704,55.91226415,65.02168675,73.74,58.982397,64.5,60,60.7
2016,1,DEN,59.4,68.5,91.6,72.796875,76.1,74.47234043,66.41566265,69.2,67.11883117,53.45703125,54.49310345,67.73684211,69.20380435,56.30769231,61.39508197,58.3,60,60.2
2016,1,DET,55.8,70.04776119,79,81.7,93.8,65.97066667,79.87105263,85.7,62.45290698,58.09342105,55.45121951,51.31165644,61.0393617,64.02083333,63.3930303,55.1,60,60.8
2016,1,GB,78.1,75.8,72.8,62,73.9,59.84482759,60.85806452,68.6,63.8375,63.1,71.75,59.67104377,63.13333333,65.98315217,59.83405018,64.5,60,60.6
2016,1,HOU,46.3,52.2,64.144,65.97692308,54.7,60.87525773,57.4547619,80.6,66.96230366,58.91284404,55.11578947,77.05837563,65.34588235,58.0539823,58.22924188,64.8,60,60.6
2016,1,IND,68.8,81.2,67.5,61.7,69.16901408,81.45604396,57.88333333,94.5,71.25967742,43.81818182,44.99,48.13929961,65.61436782,61.51470588,56.53633634,60,60,60.8
2016,1,JAC,74.6,66.2,65.7,61.8,73.4,77.6,60.8028169,72.4,60.7947644,57.15985401,50.27425743,66.71241379,60.45803109,58.85,60.89399293,63.9,60,60.5
2016,1,KC,61.4,80.9,58.9,78,71.7,70.12941176,71.82028986,73.8,60.31630435,49.16,53.9,59.33085502,56.23453608,59.74539877,59.68391813,64.7,60,60.7
2016,1,LAR,78.8,64.9,61.5,53.8016129,56.73114754,51.73164557,60.69565217,42.6,56.42179487,55.89197531,77.38301887,68.95,54.8813278,71.1502994,62.25471014,64.6,60,60.2
2016,1,MIA,70.2,64.8,70,67.8,66.7,45.4031746,58.15555556,59.9,58.16601307,56.88166667,74.16241611,65.99891304,59.83688889,79.75,62.08995984,64.7,60,60.5
2016,1,MIN,52.2,58.4,65.9,58,58.8,65.71428571,50.79620253,63.2,71.78965517,57.73245033,65.01810345,53.49754601,54.90639535,72.5562963,63.67163121,57,60.1,60.9
2016,1,NE,63.7,62.6,60.8,61.7,55.36197183,71.28876404,60.79090909,54.5,69.11067416,73.92,58.591,70.10872483,63.23855422,56.44569536,60.68045977,63.9,60,60.5
2016,1,NO,54.6,69.6,77.8,70.88705882,66.42857143,46.8057971,58.03176471,83,77.74655172,58.68030303,64.33333333,55.72912088,51.02669903,56.96242038,61.83508197,56.5,60.1,60.9
2016,1,NYG,90.28965517,74.6,71.8,77.9,76.2,63.28571429,56.86607143,74.6,66.81445783,66.03468208,60.43206107,56.5566474,61.47248908,58.55592105,60.11459854,58.5,60,60.4
2016,1,NYJ,75.3,73.21388889,64.3,61.07183099,73.8,48.70322581,67.74305556,55.7,62.00363636,60.88881988,60.44666667,62.87014925,49.2754717,49.46283186,62.29861111,64.5,60,60.7
2016,1,OAK,79.25773196,77.1,69.7,62.47959184,58.5,62.64230769,66.41234568,89.8,66.18640777,54.01384615,67.384375,59.47137681,55.93128492,59.14326241,59.32082019,63.9,60,60.3
2016,1,PHI,74.6,63.85930233,47.6,69.1,66.4,76.11020408,55.72068966,84.2,68.63612565,66.11538462,60.48653846,66.84672131,53.94890511,53.46601942,61.94204947,65.2,60,60.8
2016,1,PIT,84.2,63.8,63.9,84.6,84.9,68.28217822,63.52238806,82.1,72.96162791,60.83619048,63.56818182,73.92678571,60.05730994,59.3,59.47926829,64.3,60,60.6
2016,1,SD,79.3,75.2,76.1,68.78947368,76.83648649,53.61702128,62.27261905,65.8,67.1076087,63.12824427,84.9,55.01558935,68.68477157,61.60943396,62.02949853,65,60,60.8
2016,1,SEA,65.6,57.6,65.2,59.1,45.2,65.09333333,55.43666667,70.4,64.34521739,66.24732824,58.63647059,76.83983051,81.31052632,51.2,60.90557769,42,60,60.4
2016,1,SF,36.5,81.5,51.9,58.85,52.41666667,61.92264151,58.01111111,51.81481481,58.60963303,69.69112903,45,67.71681818,73.13141026,73.76811594,61.91015038,65,60,60.7
2016,1,TB,52.7,74.5,69.6,75.1,75.4,68.38064516,72.75625,80.9,65.46503067,53.01691176,62.00081967,69.40828025,65.2,49.87692308,57.14,64.8,60,60.6
2016,1,TEN,63,75.37058824,57.5,66.2,56.7,61.86236559,54.0597561,49.7,65.63,73.00413223,64.57142857,68.75875,53.54726027,63.75165563,62.20735786,63.9,60,60.2
2016,1,WAS,55.7,75.5,58.9,62.1,70,65.34666667,59.75172414,53.7,66.19490446,58,61,69.52647059,56.68688525,60.91343284,59.57070312,63.1,60,60.2
2016,2,ARI,64.4,71.57272727,69.16363636,61.7,67.24545455,56.58387097,66.30441176,77.54545455,72.23668639,63.13103448,64.26521739,62.07353952,71.26026786,61.41472393,62.72233333,65.4,60.1,60.9
2016,2,ATL,61.9,58,70.3,70.9,42.6,81.74271845,64.91348315,73.6,77.38985507,52.22893082,60.37706422,60.60772947,61.32211055,66.85695364,60.64006623,54.6,60,60.7
2016,2,BAL,59.3,74,61.6,68.4,79,65.88380952,53.4012987,80.4,65.45699482,78.52278481,67.59642857,57.85075758,59.79371069,60.65,69.23423077,64.2,60,60.5
2016,2,BUF,70.9,59.5,69.7,67.38947368,62.9,53.00967742,65.64333333,63.95636364,61.97956204,64.22769231,63.5,86.5040678,49.23694581,56.58724832,62.19299363,42.1,60,60.6
2016,2,CAR,56.1,69.1,58.2,74.02891566,60.0625,62.55338983,51.15795455,81.5,62.56666667,59.42384615,61.52153846,69.05320513,75.97514793,49.98615385,59.2530303,65.3,60.2,61.1
2016,2,CHI,72.8,77,68.5,46.4,76.2,59.96865672,48.49649123,45.33653846,68.17720588,51.94333333,69.65862069,57.99823322,63.83125,66.62158273,58.84826389,59.1,60,60.3
2016,2,CIN,63.1,70,67.9,72.49,78.9,54.26746988,59.92891566,68.2,57.59809524,67.06428571,68.50620155,68.17016575,60.90212766,50.58108108,58.21735294,75.8,60,60.7
2016,2,CLE,63.1,75.3,52.5,66.09538462,63.43939394,68.14050633,68.22054795,79,70.18258065,56.48301887,71.6,60.77788162,66.75291262,64.01586207,56.94807692,64.5,60,60.5
2016,2,DAL,60.9,69.42285714,57.7,60.4,66.2,61.67526882,53.28208955,78,67.96460674,51.09869281,56.04036697,65.20352113,61.95355191,68.4722973,59.9962963,73.8,60,60.5
2016,2,DEN,76.2,75,73.5,67.90886076,55.7,78.05909091,60.59809524,59.7,66.00652174,73.29701493,68.18085106,71.82392157,69.2420765,62.45217391,61.43905724,49.8,60.1,60.8
2016,2,DET,46.3,72.7,64.1,85.0825,70.9,67.59230769,60.00714286,77.6,59.56118721,53.10070423,56.04297521,43.28224852,62.44394904,65.38851351,65.24716157,64.2,60,60.5
2016,2,GB,50.9,72.8,69.6,69.4,82.08450704,61.57411765,59.39850746,41.3,60.3226601,61.8673913,92,70.16434109,52.60522388,60.6260274,61.78244898,59.2,60,60.2
2016,2,HOU,57.2,60.4,60.4,71.44109589,55,51.81125,60.77,66.8,70.74070352,62.62615385,81.34615385,66.55853659,60.19548023,71.21830065,57.11949686,80.6,60,60.8
2016,2,IND,68.6,60.7,63,58,52.54383562,53.82711864,55.29178082,57.5,58.58333333,46.62886598,55.76202532,58.42229965,52.23295455,66.15985915,61.39901639,58.4,60,60.6
2016,2,JAC,59.4,69.8,83,74.8,73.4,61.31034483,56.21904762,55.9,58.805,57.54491525,66.05064103,61.29337349,60.23859649,62.08955224,57.70974729,63.9,60,60.3
2016,2,KC,61.9,66.8,51.3,53.9,62.1,59.88125,64.09041096,54.3,56.82275449,65.80983607,86.5,66.3944,64.595,69.4994152,67.51826625,64.7,60,60.6
2016,2,LAR,64.1,60.3,58.3,69.009375,55.9,69.95882353,55.54666667,72.1,65.37972973,69.18759124,79.59272727,76.35874126,59.50851064,67.12327044,59.21578947,64.5,60,60.5
2016,2,MIA,64.5,75.3,47.7,66.9,67.7,73.54929577,56.45625,85.1,72.63459459,60.12865497,65.54451613,53.92315789,56.35441176,62.9,57.63992933,59.6,60,60.5
2016,2,MIN,70.3,49.1,61.9,46.3,47.5,67.03095238,57.14722222,90.3,72.95671642,65.56622517,68.90676692,66.26258065,62.562,74.35,60.13839662,55.8,60,60.5
2016,2,NE,63.9,76.61481481,56.8,65.2,61.46625,79.73529412,55.07850467,82.59,69.52105263,64.0448,63.62258065,65.44324324,57.50645161,65.48552632,62.73623188,59.5,60,60.8
2016,2,NO,70.8,72.9,75.3,62.98518519,68.4,55.64615385,56.76712329,72.8,65.92573099,62.5,61.71328671,52.11011905,58.46276596,72.51516588,60.91471698,42.1,60,60.7
2016,2,NYG,76.6,73,56.1,58.54683544,72.9,49.71294118,52.63544304,87.4,66.03333333,55.67142857,60.46285714,69.3159292,65.4695,61.36854839,65.17262774,63.9,60,60.5
2016,2,NYJ,58.20540541,54.1,67.8,54.228,68,53.35833333,63.56582278,92.2,78.53027523,66.23354037,64.94782609,59.83671875,67.13098592,56.69433962,60.53409091,51,60.1,60.8
2016,2,OAK,83.088,91,71.2,64.9,62.86133333,60.81034483,71.12446809,68.3,66.45641026,60.77045455,56.9745098,58.20534351,59.88278146,41.62923077,60.14766667,49.2,60,41.2
2016,2,PHI,87.16626506,60.52727273,62,78.5,76.9,74.95714286,63.27466667,85.6,59.77356322,63.93801653,61.77582418,70.58842975,59.11323529,64.74660194,59.16593407,65,60,60.8
2016,2,PIT,63.3,64.81428571,56.4,60.7,71.6,58.66495726,70.16756757,60.8,59.90170455,56.59459459,46.8125,58.04379562,58.51382114,75.95,61.63958944,57.8,60,60.7
2016,2,SD,61,66,59.6,68.2,61.36081081,67.64123711,55.7626506,61.50441176,67.23797468,48.07961165,63.58,62.23256705,72.45989011,72.26518519,62.21666667,60.5,60,60.7
2016,2,SEA,42.1,56.1,68.3,44,45.5,66.82105263,63.10810811,64.3,58.42864865,57.18802817,62.65794393,81.97820513,49.94935065,60.85,62.36309013,59.9,60,60.2
2016,2,SF,78.7,88.7,64.1,64.4,76.84307692,52.3,50.10615385,55.3,60.05722222,65.11626506,59.64098361,62.94224422,63.64824121,68.15380435,62.7437037,55.9,60,60.7
2016,2,TB,60,59,68.44936709,69.3,70.6,60.64387755,53.96962025,59.4,69.7266055,55.55820896,53.83125,53.12420382,62.24,60.29545455,59.996875,56.1,60,60.3
2016,2,TEN,90.2,77.2,67.1,82.8,54,70.71304348,68.64878049,68.86567164,60.8942029,51.7278481,58.6,59.05993485,57.27647059,51.26785714,57.67639485,83,60,60.3
2016,2,WAS,63.1,77.5,69.1,75.4,77.5,71.14782609,64.14776119,62.3,63.88977273,66.3961165,57.35625,63.87419355,71.76648352,49.87573529,63.19926471,63.9,60,60.5
2016,3,ARI,76.3,60.7,63.1,68.2,56.2,60.96477273,65.16746988,35.3,64.68049793,65.31496063,51,58.91737288,78.26923077,70.49389313,60.50220126,28.6,60,60.6
2016,3,ATL,83.4,93.3,63.8,80.9,76.7,64.95172414,67.58571429,63.6,64.1966443,52.62953368,59.54810127,61.57004831,62.96801619,62.04545455,60.52245614,58.7,60,60.9
2016,3,BAL,67.84029851,56.7,65.6,66.4,56.7,62.39450549,58.30506329,80.1,60.48424242,71.62771084,73.50704225,73.16948529,62.7922619,79.2,65.25849673,37.6,60,60.8
2016,3,BUF,57.63380282,59.6,61.7,57.6,76.9,51.48194444,66.69,54.4,53.6242236,62.8968254,63.5,60.04848485,71.3814978,72.35347826,59.87704918,65,60,60.8
2016,3,CAR,76.3,48.7,66.4,76.25189873,83.2,60.55825243,61.08072289,53.98181818,54.68781726,68.37363636,75.87909091,70.24722222,67.73969466,66,59.53175182,64.2,60,60.4
2016,3,CHI,78,64.5,76.6,71.3,81.5,66.88607595,49.8828125,66.8,60.47637363,50.93714286,64.8,62.59962264,61.05502959,62.30458015,58.932,63.9,60,60.4
2016,3,CIN,62,74.6,60,53.98717949,67.1,58.04146341,63.9625,78.6,62.85324675,64.11082803,71.65089286,70.2462963,58.91412429,59.88062016,63.14160584,51.8,60,60.4
2016,3,CLE,81,76.2,69,51.9,57.9,70.01203704,65.03962264,59.8,65.58857143,75.65,73.13636364,59.51941392,68.37708333,63.08059701,58.95654762,76.8,60,60.9
2016,3,DAL,64.02941176,58.3,84.6,76.42777778,90.4,53.06804124,69.44647887,87,70.10238095,58.15121951,48.09478261,60.32272727,61.56054054,75.744375,61.03483146,64.5,60,60.7
2016,3,DEN,60.3,68.5,71.6,46.5,75.15679012,68.99130435,50.22967033,64.1,67.98020305,61.6265625,60.75510204,70.59591837,65.28227848,65.20191083,61.31486989,29.1,60,60.5
2016,3,DET,59.6,56.35362319,63.3,64,55.3,74.25675676,69.32948718,78.9,72.41336898,59.97570093,49.43703704,47.85597015,57.23181818,64.7920354,61.17766323,64.3,60,60.8
2016,3,GB,79,73.5,70.4,68.3,75.6,62.90810811,64.50163934,89.8,69.31407407,75.36910569,48.2,66.60551471,61.73814433,57.02550336,60.82172414,36.3,60,60.6
2016,3,HOU,65.5,63.8,69.1,54.2,60.8,60.51686747,60.50684932,47.3,58.32110553,54.71885246,80.52459016,58.87276786,59.95776398,49.67982456,59.07290076,81.4,60,60
2016,3,IND,66.10666667,77.2,51.3,46,56.5266055,59.54285714,59.36712329,78.4,69.40126582,65.79619048,61.9,62.90865801,58.65430464,65.08730159,58.56156584,59.5,60,60.7
2016,3,JAC,48.7,64.2,54.4,50.9,49.2,55.48631579,56.15454545,53.9,68.51242604,66.01777778,60.62481203,81.276875,66.432,68.2,57.78717949,64.7,60,60.6
2016,3,KC,65.8,60.7,73.1,74.9,54.7,74.01782178,50.87323944,90.8,62.14475524,61.82884615,69.7,71.31578947,73.84336735,71.10457143,63.78208092,37.9,60,60.5
2016,3,LAR,49.4,62.5,62.1,68.64637681,69.67076923,42.23375,64.52716049,57,66.664375,67.13459119,72.72526882,49.60761421,59.03012552,65.69712919,63.5737013,60.6,60,60.6
2016,3,MIA,59.7,60.5,58.55074627,59.37647059,59.5,62.39350649,66.37205882,60.4,72.24338624,63.70960452,60.10657895,53.76565657,59.54691943,63.7,61.85594203,53.4,60,60.6
2016,3,MIN,74.56909091,43.5,74.5,58.9,80,85.91558442,59.07887324,79.4,63.6480315,64.41774194,67.06280992,61.55375723,67.74131455,63.9,59.77286245,54.8,60,60.5
2016,3,NE,55.3,71.51298701,56.4,64.9,81.9,59.35512821,60.31529412,52.2,62.49090909,65.6986755,64.33545455,74.53722628,66.98628571,66.97932692,67.66708333,61.4,60,60.7
2016,3,NO,63.58202247,56.9,61.5,69,66.9,69.88421053,68.09120879,65.1,63.32695652,54.57619048,47.49754098,39.1404908,64.46137931,51.03918919,57.34425676,63.9,60,60.4
2016,3,NYG,92.2,76.5,47.68059701,72.3,73.6,55.88955224,49.78923077,54.2,75.51182266,69.04903226,67.7221374,50.68974359,56.83546798,49.69014085,58.50615385,49.8,60,60.5
2016,3,NYJ,63.1,72.1,67.7,59.77647059,64.3,55.48,66.59710145,24.3,52.63982684,67.24300518,57.09655172,56.28076923,66.12165605,58.98139535,62.2989418,62.1,60,60
2016,3,OAK,69.4,63.1,59,61.97846154,71.8,63.48846154,62.14642857,78.4,69.38343558,46.12835821,61.09142857,56.89889706,79.05207101,76.34927536,60.42620968,64.7,60,60.5
2016,3,PHI,88.2,64.9,49,79.33846154,66.8,77.61153846,61.47246377,81.7,56.43212121,61.81641791,72.37169811,76.18174603,57.56959064,81.96341463,57.2,60,60,60.8
2016,3,PIT,62.38,65.2,70.8,63.5,54.8,51.35070423,58.71111111,56.9,63.46571429,62.91692308,48.47083333,52.55,63.89580838,50.30820896,59.98925926,63.6,60,60.1
2016,3,SD,58.9,54.1,63.7,67.47118644,47.90689655,65.74875,56.39850746,68.6,65.33046358,64.1006993,71.3,60.46042403,60.49090909,59.85099338,59.53772242,64.2,60,60.5
2016,3,SEA,71.7,59.70869565,63.1,63.9,49.8,65.27009346,71.12352941,62.3,66.61764706,71.25694444,66.96547619,63.99527559,73.67658228,70.25,61.95584416,48.1,60.1,60.8
2016,3,SF,54.5,52.8,69.2,62.4,56.6,57.05492958,61.00350877,52.2,56.27388535,66.04328358,72.74736842,65.53585657,52.52857143,58.25833333,59.32484076,61.8,60,60.5
2016,3,TB,56.86344086,59.2,57.7,64.37755102,60.2,70.06209677,65.87752809,57.7,68.59427313,60.97727273,56.01162791,85.184375,58.08888889,45.97424242,58.43047619,64.2,60,60.5
2016,3,TEN,68,93.8,61.3,73.6,62.8,58.83958333,76.75116279,48.6,58.73312102,55.91307692,70.1,59.67357724,65.18231707,60.46598639,59.48730159,64.2,60,60.3
2016,3,WAS,57.8,76.37196262,60.8,61.5,75.3,62.44608696,58.15352113,67.4,67.03647059,57.70970149,0,60.7130597,58.08031915,69.36326531,56.77003155,64.8,60.1,60.8
2016,4,ARI,62.3,67,67.8,62.5,70.7,53.83703704,53.83846154,51.82337662,71.49159292,75.50373832,76.3,62.54506438,55.67342657,61.3,57.65555556,63.9,60,60.3
2016,4,ATL,71.7,64.4,66,65.7,60.4,61.49320388,64.35,91.2,77.84027778,66.66022727,55.78474576,57.2877193,69.30753769,50.80795455,61.7880814,81.3,60,61
2016,4,BAL,48.4,64.7,68.3,62.8,81.3,61.01081081,63.9961165,48.9,62.62943723,73.38714286,60.88181818,61.20793651,61.775,71.4231405,62.06167665,60.7,60,61.5
2016,4,BUF,54.92588235,67.01898734,65.9,65.7,54.3,70.54117647,68.18888889,72.9,63.91923077,56.34631579,60.2,69.09103139,63.1503268,61.24666667,61.7657277,64.5,60,60.6
2016,4,CAR,78.4,47.93972603,69.38591549,62.6,65.2,72.22159091,61.46081081,52.97746479,62.56020942,65.03333333,61.03458647,76.04662921,39.97261146,55.21044776,60.83687151,60.2,60,60.4
2016,4,CHI,80.7,66.6,58.6,63.4,52.4,58.63106796,59.07391304,88.9,70.49768786,63.01946903,77.5,63.37142857,60.58953488,57.20465116,59.84628821,64.2,60,60.5
2016,4,CIN,63.54871795,73,60.1,57.86111111,50.1,59.67241379,69.32164948,75.5,75.35641026,68.48899083,77.9084507,57.76382979,65.98091603,48.77,65.33857678,72.3,60,60.8
2016,4,CLE,75.4,66.1,66.4,67.6,78.3,58.73478261,66.25697674,73.1,58.92921348,67.09130435,66.48139535,51.852,71.94615385,48.86446281,61.45574468,42.9,60,60.3
2016,4,DAL,66,56.5,75.535,69.8,96.2,56.85841584,60.72298851,52,65.21382979,61.66078431,47.58073394,63.10373832,66.11666667,69.96513761,61.22235772,64.5,60,61.7
2016,4,DEN,74.5,61.6,75.4,67.5,73.42702703,61.03157895,61.2009901,63.07222222,69.626,63.92384615,69.1,69.23824701,73.61263736,63.12312139,60.56153846,65.2,60,60.7
2016,4,DET,60.4,74.63538462,62.9,65,50.3,47.71764706,56.77014925,70.6,60.42359551,56.0875,60.7176,52.60122699,68.58181818,69.3986755,59.88583691,63.9,60,60.3
2016,4,GB,0,0,0,0,0,0,0,0,0,0,0,0,0,0,0,0,0,0
2016,4,HOU,61.6,46.1,67.8,59.91294118,49.18032787,73.16075949,66.47123288,57.8,68.99333333,59.80869565,61.34857143,57.65724138,70.22897727,76.03787879,61.63529412,81.7,60,60.8
2016,4,IND,72.4,72.2,69.7,69.87341772,35.4,57.69357798,55.19230769,72.5,55.92352941,66.57380952,55,51.85110294,55.86071429,70.533125,63.76496815,64.2,60,39.8
2016,4,JAC,78.53846154,76,67.6,77.7,68.3,49.8275,62.488,54.8,58.44120603,64.00526316,68.08944099,63.43407821,61.33636364,53.67371795,58.42352941,53,60,60.8
2016,4,KC,52.9,62.5,56.4,74.3,51.7,58.64130435,52.99014085,59.2,65.21037736,65.64528302,55.1,57.79278846,46.14295775,58.33846154,62.81050847,47.7,60,60.5
2016,4,LAR,59.4,41.7,67.4,66.96393443,56.4,69.90810811,56.27647059,75.5,61.69072848,61.14195402,79.88583333,44.01,72.87260274,65.71091954,61.54453782,76.7,60,60.5
2016,4,MIA,43.2,67.7,82.5,70.3,58.3,47.15,63.90697674,39.2,59.35378788,76.07651007,52.71666667,53.94088398,65.27116564,70.6173913,58.16055363,55.6,60,60.2
2016,4,MIN,69.63947368,48.5,66.9,68.33513514,67,64.18316832,55.64848485,72.1,64.9172619,54.13443709,58.40973451,51.92835821,73.98979592,66.2,58.73924528,65,60,60.7
2016,4,NE,71.6,53.9,70.9,66,68.5,79.46190476,67.53114754,45.4,49.47407407,65.52962963,61.40753425,68.26772487,50.27659574,63.45086705,60.64247788,63.9,60,60.2
2016,4,NO,66.58555556,82.5,57.7,75.1,50.5,60.87714286,68.05918367,64.3,60.87333333,81.1982906,70.88308824,65.82280702,69.9849711,56.29595376,62.8123494,53.1,60,61.7
2016,4,NYG,84.1,67.6,78.3,58.7,64.1,65.09117647,63.21818182,50.4,57.15765306,71.46178344,62.17285714,56.38216216,55.06476684,67.74244604,62.56472727,80.8,60,60.3
2016,4,NYJ,60,66.5,62.4,64.7,63.64444444,43.71276596,56.56901408,52.4,62.81561181,67.61797753,54.77323944,51.38297872,59.12251656,54.42857143,63.02070175,64.2,60,60.4
2016,4,OAK,71.1,78.7,59.9,53.2,44.8,54.18309859,47.02467532,84.5,72.67960526,58.17560976,59.85526316,64.17325905,71.40672269,58.27988827,62.51762918,61.7,60,60.7
2016,4,PHI,0,0,0,0,0,0,0,0,0,0,0,0,0,0,0,0,0,0
2016,4,PIT,84.2,64.1,66.54918033,65.74285714,67.8,61.35578947,70.91014493,87.55423729,72.1266129,81.96850394,64.8,57.87633333,66.10723982,68.49160839,54.9358885,60.6,60,60.7
2016,4,SD,50.86857143,62.16666667,56.6,66.1,46.7,68.27654321,52.90394737,73.6,64.12760417,64.20884956,74.87017544,63.56725979,62.3238342,69.62201258,61.18363636,60.5,60,39.9
2016,4,SEA,65.4,54.7,90.2,68.5,56.8,68.18461538,60.15423729,88.6,65.77733333,64.92437811,61.20481928,75.86933333,72.42254902,73.61188811,58.11624549,64.8,60,60.6
2016,4,SF,68,66.2,69.6,50.3,82.2,83.06590909,69.57377049,47.1,64.558125,57.81089744,41.02631579,53.96319703,74.72215569,59.57540107,59.68774704,55.1,60,60.4
2016,4,TB,58,63.2,56.74647887,58.73561644,69.1,61.13106796,48.95915493,57.4,60.14636872,60.92994012,61.98813559,50.86703297,62.88797814,49.25774648,61.87673611,59.9,60,60.2
2016,4,TEN,54.9,88.2,69.9,70.95757576,70.6,55.238,50.38064516,42.2,57.84383562,67.68590604,49.9,63.5188755,67.24733333,60.65633803,61.43127148,64.5,60,60.5
2016,4,WAS,46.7,87.803125,61.4,72.6,66.8,71.71775701,71.69354839,55.7,57.60791367,58.14713376,37.8,60.98711864,59.90879121,50.78807947,60.04336283,64.2,60,60.5
2016,5,ARI,82.88970588,78.1,83.5,77.1,73.05147059,45.38823529,61.57916667,64.4,63.39726776,66.79479167,60.70204082,72.89318885,59.5,64.8,64.91835616,65.8,60,60.9
2016,5,ATL,82.6,73,74.3,56.9,55.8,49.24672897,70.46451613,63.4,58.27333333,69.72316384,48.96769231,69.98729282,64.39516908,90.45,61.86125828,64.2,60,60.7
2016,5,BAL,62.3,56.35068493,67.7,54.5,69.29142857,62.01983471,63.68117647,77,58.32980132,63.10131579,57.91917808,65.72798507,60.30658683,74.79295775,58.63014706,64.7,60,60.4
2016,5,BUF,52.38474576,68,60.8,59.9,71.3,80.23888889,71.40769231,68.6,58.15327869,66.11176471,40.3,66.05746269,61.77650602,53.07446809,62.50881356,65.2,60,60.7
2016,5,CAR,78.6,67.5,83.5,68.23392857,78.3,87.30379747,59.9880597,61.9,65.54180328,72.19411765,58.28201439,58.9872449,54.96686391,67.45821918,62.6541502,64.2,60,60.4
2016,5,CHI,84.1,74.4,89.2,67,70.8,58.06526316,73.97727273,76.4,68.29230769,62.34109589,67.8,63.2459144,65.41595745,64.49705882,60.16024096,58.7,60,60.8
2016,5,CIN,68,76.4,71.6,62.7,56.6,65.95454545,63.19473684,66.5,62.22639594,63.1728,62.52912621,45.91830986,56.74335664,58.69473684,61.405,59.7,60,60.4
2016,5,CLE,60.2,72.99411765,56,58.8,50.7,61.50909091,47.90135135,57.95087719,58.23878788,54.44,64.38269231,59.22974504,68.39502762,55.50432099,64.19965398,67.9,60,60.1
2016,5,DAL,72.4,69.2,71,68.7,77.1,59.47317073,64.64714286,85.6,72.34285714,60.34026846,62.15238095,59.06214286,64.25757576,65.83248408,60.29049774,63.6,60,60.3
2016,5,DEN,65.5,66.6,61.1,44.7,61.01919192,56.3875,56.37142857,53,56.15879828,61.66240602,63.375,59.40387597,69.91632653,78.82097902,60.527,50.5,60,60.6
2016,5,DET,54.62131148,63,81.2,52.385,62.5,53.40769231,62.60810811,66.7,63.67861272,54.47795276,61.90761905,71.88357143,69.65641026,70.55944056,61.68215768,58.9,60,60.5
2016,5,GB,61,71.63529412,83.5,63.8,77.8,44.08837209,57.041,76.6,71.70909091,70.4,72.2,62.76553191,62.86666667,64.68976378,52.8923588,51.1,60,60.6
2016,5,HOU,57.5,59.27407407,61.1,46.4308642,56.9,73.50967742,68.06153846,28.6,58.17553191,52.29883721,67.55357143,70.23878205,63.56536313,68.65844156,61.2585034,59.1,60,60.5
2016,5,IND,71.1,84.8,57.8,54.56,57.3,57.4382716,57.3,73.8,65.25925926,43.04833333,47.1390625,46.10803571,57.35497076,62.47671233,60.48567073,64.8,60,60.9
2016,5,JAC,0,0,0,0,0,0,0,0,0,0,0,0,0,0,0,0,0,0
2016,5,KC,0,0,0,0,0,0,0,0,0,0,0,0,0,0,0,0,0,0
2016,5,LAR,58.4,62.4,62,67.68823529,74.01818182,55.36413043,49.7835443,56,68.03703704,55.90247934,69.1372549,55.10074074,59.79259259,61.14196429,61.75147541,53.6,60,60.5
2016,5,MIA,40.3,28.4,56.4,61.4,57.4,54.03606557,68.27333333,67.3,58.66929825,52.72823529,58.9893617,48.83967391,63.11242604,57.08133333,59.49761905,40.5,60,42.6
2016,5,MIN,63.9,31.9,64.47816092,68.8,58.37567568,60.0974359,55.63137255,77.5,77.36158192,75.14746835,73.75918367,67.95151515,65.26117021,79.7,61.3625,59.5,60,60.6
2016,5,NE,70.4,80.04938272,46.7,79.6,70.4,76.46564885,51.08058252,84.5875,59.64787879,59.40065789,74.78095238,77.26470588,58.67142857,69.59395973,63.58791209,65,60,60.8
2016,5,NO,0,0,0,0,0,0,0,0,0,0,0,0,0,0,0,0,0,0
2016,5,NYG,84.5,54.7,63.8,46.8,68.6,78.98518519,68.425,38.7,62.71411765,55.91383648,55.36832298,65.33463687,62.74479638,65.85,63.25980066,64.7,60,60.6
2016,5,NYJ,62.6,67.4,65.44137931,62.5,68.5,68.80612245,58.3828125,58.1,66.39943503,60.48761468,59.40689655,51.589,57.91990741,61.11688312,60.71,64.5,60,60.4
2016,5,OAK,62.4,65.62191781,62.1,67.39090909,76.5,50.56666667,62.59634146,79.5,71.05357143,64.41392405,69.93125,68.775,61.72686567,50.57087379,61.08596491,60.4,60,60.8
2016,5,PHI,66.3,71.353125,70.4,66.1,79.9,55.94534884,62.07213115,73.3,67.30967742,74.12015504,68.8573913,63.52826087,53.69426752,61.72781955,61.13166667,63.9,60,60.5
2016,5,PIT,78.7,56.9,75.2,75.5,73.22820513,68.12959184,67.73214286,72.37894737,64.132,60.07931034,55.47142857,67.164,57.45027624,62.6184466,61.33185185,64.2,60,60.5
2016,5,SD,73.7037037,72.54901961,49.7,55,57.20740741,72.39,55.39152542,70.7,66.39655172,52.13644068,70.86833333,63.23414634,58.84352332,58.21716418,60.60337838,63.5,60,60.4
2016,5,SEA,0,0,0,0,0,0,0,0,0,0,0,0,0,0,0,0,0,0
2016,5,SF,52.6,79.8,62.1,69.1,59.75384615,37.94133333,58.56962025,50.7,61.93898305,53.35294118,60.6,50.31181435,66.10529801,59.74772727,62.85120643,57.7,60,60.6
2016,5,TB,65.2,65.8,67.04657534,57.59,62,58.38761062,69.64246575,66,68.95617284,55.27073171,40.96981132,40.02253521,73.73577236,57.15892857,59.76056911,64.8,60,60.6
2016,5,TEN,71.5,76.83076923,59.7,62.2,62.8,71.94122807,70.56666667,72.5,63.07564103,69.82580645,80.8,69.54204545,67.71206897,58.94725275,56.26376307,56.9,60,60.6
2016,5,WAS,73.3,75.8,69.5,69.47014925,67.3,59.59345794,52.18484848,58.5,61.24807692,63.21037736,52.67808219,72.12145329,71.72784091,70.96598639,59.47026022,60.6,60,60.6
2016,6,ARI,53.5,72.4,63.5,67.7,70.1,60.80818182,71.35189873,66.10909091,68.55612245,64.46404494,56.9,78.16414141,64.30416667,73.95238095,58.39156118,64.5,60,60.5
2016,6,ATL,74.3,70,69.1,64.4,79.9,60.74545455,55.54318182,86.1,76.07094595,60.9952381,76.76395349,57.36778523,68.91845238,60.05,59.66393443,55.7,60,60.6
2016,6,BAL,67.60833333,62.6,78.9,59.9,74.6,50.57168142,70.28571429,52.8,60.59441624,52.84473684,62.55294118,68.24435798,65.11036269,67.470625,58.97178683,66.6,60,60.7
2016,6,BUF,58.1,78.48987342,65.38235294,72.5,64,72.64848485,59.27407407,75.50375,63.54033149,74.91363636,53.2,63.5954918,64.30054945,49.21967213,59.65337423,60.9,60.1,60.8
2016,6,CAR,67.2,70.86419753,65.8,54.9,72.14395604,81.34396552,53.7021978,80,69.80212766,58.82947977,60.61404959,73.93835616,51.14513889,57.35,61.972,56.9,60,61.7
2016,6,CHI,73.52875,59.3,70.9,69.4,76.7,61.53333333,58.46666667,62.7,65.47740385,66.91967213,60.8,63.18119658,48.05740741,72.05725806,61.57052239,64.7,60,60.6
2016,6,CIN,53.4,70.96764706,58.14117647,55.35147059,87.4,53.88918919,64.7375,81.74117647,67.18494624,59.4189781,61.81428571,49.24680851,59.97777778,55.81889764,62.71157895,63.9,60,60.3
2016,6,CLE,64.8,73,46.6,63.03802817,55.5,63.33414634,58.1875,68.4,65.59649123,70,72.5393617,55.40650685,63.90878378,61.9544,59.23353659,72.5,60,60.7
2016,6,DAL,58.8,78.7,76.63529412,57.5,60.6,77.786,70.16753247,75,74.60647482,59.6397351,64.76902655,64.95342466,70.23333333,64.63676471,57.52897959,58.1,60,60.6
2016,6,DEN,63.1,64.7,74.4,40,61.9,53.19552239,72.22987013,48.1,55.48733032,56.61259843,74.8877551,73.96275304,68.75855263,58.34834437,61.62211221,81,60,60.5
2016,6,DET,36.7,69.02191781,70.7,67.6,63.3,60.65925926,62.728,77.7,66.23117647,63.31603053,55.57809524,42.96287879,60.26891892,59.08032787,61.52016807,63.9,60,60.6
2016,6,GB,58.7,81.6,63,72.00526316,65.61971831,51.41269841,67.07916667,44.7,59.21767241,59.47931034,59.4,58.26507353,37.08928571,65.58201439,62.03320312,63.1,60,60.2
2016,6,HOU,75.3,59.5,72.3,70.2,69.8,72.80307692,66.31084337,55.3,65.72233503,45.71698113,43.80649351,65.62779553,72.30222222,67.07405063,58.01927711,64.8,60,60.6
2016,6,IND,55.8,57.4,82.9,71.63611111,73.6,59.19724771,65.58873239,64,62.24195402,58.07857143,55.5,51.59722222,67.86145833,51.34971751,62.73404255,53.4,60,60.9
2016,6,JAC,74.8,52.2,73.6,68.2,67.93548387,51.25,51.99545455,73.5,62.47692308,56.55523256,68.40340136,76.1037037,63.66367925,65.86625,60.58534799,64.2,60,60.4
2016,6,KC,71.1,80.6,63.9,52.3,64.87941176,65.10291262,60.74096386,82.2,69.12384615,60.8,42.8,70.20818713,61.82297297,63.93375796,60.42702703,64.5,60,60.7
2016,6,LAR,62,53.5,79.4,72.08032787,70.9,62.26891892,70.89047619,84.9,72.938,57.0592,65.1192,78.26666667,50.22814371,57.69596774,61.48600823,63.6,60,60.4
2016,6,MIA,69.62923077,66.5,57.9,58,54.52195122,69.0989899,66.4,84.7,64.09438202,63.07438017,59.84646465,63.0256,65.81006711,78.85225225,59.26334661,29,60.1,60.9
2016,6,MIN,0,0,0,0,0,0,0,0,0,0,0,0,0,0,0,0,0,0
2016,6,NE,57.8,69.2,70.1,80,75.1,81.19375,62.7,90.7,60.20592105,69.99299363,65.72222222,82.78548387,75.57341772,59.01967213,62.63501805,64.5,60,60.7
2016,6,NO,68.92560976,59.01780822,65.6,74,67.7,66.3908046,56.08522727,93.1,70.26464088,70.29882353,55.40658683,55.03205128,53.92124352,58.68829268,60.98419619,61.3,60.1,60.9
2016,6,NYG,74,58.4,64.8,64,74.2,52.94626866,57.58484848,71.8,62.91732673,60.93502825,55.25320513,64.09946524,71.6137931,76.54223602,60.62173913,47.6,60,60.6
2016,6,NYJ,89.55272727,49.2,70.7,46.83636364,62.6,42.1,51.52622951,54.82363636,60.78928571,68.69054054,62.553125,54.1084507,50.41938776,63.24144737,61.32408163,55.6,60,60.2
2016,6,OAK,71.9,75.2,90.9,53.5,73.17323944,56.5225,58.39827586,41.3,69.24906832,63.46746032,66.87413793,55.95564516,64.74755245,65.3375,64.69788136,63.6,60,60.2
2016,6,PHI,68.4,70.4,64.1,53.6,59.8,61.53538462,55.075,79.4,68.25874126,58.80503145,61.5034965,51.91812865,51.42849741,69.68716216,65.06378738,64.7,60,60.6
2016,6,PIT,68.9,62.5,67.1,61.8,58,53.39166667,72.2,44.80909091,65.89568345,66.34339623,73.21428571,60.21582734,58.21269841,59.84609929,60.09555556,58.7,60,60
2016,6,SD,53.9,62.7,58.7,70.44117647,48.8,68.22831858,58.92405063,74.1,56.35147059,47.1,65.34,77.6911032,62.4437788,66.02893082,62.14342105,60.6,60,60
2016,6,SEA,60.1,80.6,57.53731343,70.44179104,48.9,67.63894737,58.46923077,74.5,62.17916667,73.93925926,55.68283582,59.89655172,63.06875,65.35,63.32871622,42.1,60,60.8
2016,6,SF,45.6,74.8,55.3,64.1,62.4,64.12033898,52.7557377,48.2,63.22054054,69.74545455,61.640625,47.35650794,63.85797872,46.05,59.77232143,48,60,60.6
2016,6,TB,0,0,0,0,0,0,0,0,0,0,0,0,0,0,0,0,0,0
2016,6,TEN,49.7,83.25671642,54.2,67.7,63.3,64.82058824,54.924,68.3,67.946875,74.80909091,56.3,64.49503817,65.74885057,62.69726027,59.63663664,50.4,60,60.6
2016,6,WAS,51.8,81.79,74.7,65.8,81.7,58.56808511,69.636,73.3,61.75435897,63.34040404,46.4,67.39521531,53.19041096,61.50720721,59.06146179,76.5,60,60.6
2016,7,ARI,70.78526316,73.2,59.9,59.3,52.5,52.66568627,62.52525253,58.1,63.61788321,75.61401869,43,85.90468085,55.9893401,68.15384615,62.16333333,64.9,60,40.2
2016,7,ATL,70.9,50.4,72.9,71,54.5,61.95876289,63.95641026,67.7,72.26533333,62.45655738,55.03550725,50.24009217,73.45532995,60.91133333,59.97666667,55.6,60,60.9
2016,7,BAL,55.3,50.26779661,67.6,65.9,65.1,62.20533333,65.01818182,46.8,65.55135135,80.6375,71.66666667,50.91346154,60.40465116,55.58670886,62.55629139,73,60,60.6
2016,7,BUF,66.9559322,69.2,52.4,42.4,67.7,69.51351351,62.192,74.9,63.5406015,58.99677419,46.7,61.08829431,59.01237113,62.13489933,64.51114551,76.3,60,60.5
2016,7,CAR,0,0,0,0,0,0,0,0,0,0,0,0,0,0,0,0,0,0
2016,7,CHI,61.1,62,65.3,59,65.875,62.03466667,60.4375,51.73333333,63.34358974,58.09733333,55.6,63.3041791,57.73046875,61.91937173,62.65432099,63.9,60,60.2
2016,7,CIN,55.6,74.24761905,69.8,76.29836066,95.3,64.77605634,70.19726027,73.8,70.5490566,56.44109589,48.02792793,63.36143791,62.36144578,67.834375,59.97902622,64.6,60,60.8
2016,7,CLE,74.4,78.1,65.6,75.02307692,81.06938776,77.70740741,58.9275,62.39375,63.72278481,50.72352941,63.84545455,46.64513619,51.67134146,57.1147541,61.87536765,48.5,60,60.5
2016,7,DAL,0,0,0,0,0,0,0,0,0,0,0,0,0,0,0,0,0,0
2016,7,DEN,78.7,56.6,83.04,59.6,82.7,54.74794521,72.36631579,81.1,72.43020134,51.875,52.29333333,67.86349206,75.48370787,66.54968553,63.57340067,50,60,60.7
2016,7,DET,70.5,79.93770492,70.5,52.6,80.6,63.65333333,50.5754386,69.9,69.44580645,56.86510417,49.82941176,55.76758621,65.00315789,54.18563218,61.56712963,50.5,60,60.7
2016,7,GB,84.4,69.15955056,64.6,65.4,68.6137931,54.47419355,70.9688172,77.2,66.35251799,61.38688525,52.5,67.60555556,66.16666667,63.09082569,60.91949153,64.3,60,60.7
2016,7,HOU,90.3,81.39036145,79,62.17142857,54.8,60.14482759,61.36623377,30.8,57.51734104,57.83057851,45.40634921,63.44225941,67.06896552,63.22941176,61.7125,64.5,60,60.5
2016,7,IND,55.7,68.3,67.5,55.8,70.64788732,72.40654206,59.54507042,90.4,65.0251462,45.84196429,69.44054054,51.60147601,69.6519337,61.05804598,62.6771987,64.8,60,60.8
2016,7,JAC,60.6,50.5,64.5,63.7,60.9,62.30952381,58.76818182,39.8,61.67789474,46.049375,52.4620155,66.43179191,64.203125,66.08551724,61.56927374,59.1,60,60.5
2016,7,KC,72.75471698,77.4,61.1,67.5,42,64.07831325,69.05873016,71.6,69.16548673,72.29583333,52.64705882,56.72766798,62.28571429,81.64292929,60.26498054,77.4,60,60.6
2016,7,LAR,70.76202532,67.6,59.3,62.8,71.1,67.43229167,59.50348837,44,64.56197183,66.7754386,67.74159292,79.38,70.91176471,69.56608696,64.92408759,64.4,60,60.4
2016,7,MIA,77.1,58.11162791,69.5,84.6,46.6,52.53736264,71.26621622,65.8,71.35561497,70.66587302,66.08504673,62.46524823,58.96785714,52.34159292,59.31273292,60.6,60,60.6
2016,7,MIN,57.83414634,53.87078652,78.3,42.8,57,60.95647059,55.37826087,61.1,60.66903553,66.48306452,51.28333333,47.93571429,74.488,63.37758621,59.78803419,63.9,60,60.2
2016,7,NE,70.8,64.6,70.9,80.9,65.3,80.58536585,62.08985507,86.5,59.69402985,59.9691358,66.13229167,64.10192308,76.38092784,76.89025641,59.06171617,60.1,60,60.5
2016,7,NO,67.53846154,64.14,67.2,65.6,67,52.29294118,59.46375,69.4,70.51642512,65.29770115,57.84895833,56.49206349,54.35675676,59.31973684,60.51471698,63.9,60,60.3
2016,7,NYG,56,67.7,72.7,56.2,63.2,49.35166667,57.4625,50.9,63.07988166,63.76433121,64.07739726,65.66740331,71.98061674,66.55,60.3238806,60.2,60,60.5
2016,7,NYJ,54.39473684,64.23768116,60.02463768,60.7,69.8,62.41058824,57,70.95294118,64.34134078,66.41913043,63.78518519,63.69419643,73.05897436,68.29827586,60.77751678,53.6,60,60.7
2016,7,OAK,68.875,91.3,64.5,76.15421687,72.35714286,53.68235294,51.94470588,79.2,63.82819149,61.61809524,65.15365854,70.02536765,65.8434555,66.7676259,57.30231884,30,60.1,60.9
2016,7,PHI,57.5,60.42063492,72.6,54.9,77.72931034,58.05842697,52.61166667,45,61.0375,76.29,61.25777778,72.6359116,58.85555556,78.85634518,63.60350877,58.4,60,60.5
2016,7,PIT,85.4,68.7,72.5,60.3,76.1,55.78849558,64.40266667,49.2,61.74689266,59.41764706,55.84615385,51.10755556,68.2,45.88461538,63.91077441,73.1,60,60.8
2016,7,SD,64.5,75.9,76.3,53.9,61.5,62.1266055,65.04810127,75.2,69.85989305,65.02325581,68.89827586,67.80541516,60.576875,51.4761194,61.19851632,64.6,60.1,60
2016,7,SEA,66.2,37.22857143,62.6,35.8,43.8,62.66760563,55.69365079,72.4,64.20939227,70.1473251,59.51824324,78.08894737,55.87647059,71.7515625,66.16254181,51.7,60,60.6
2016,7,SF,80.9,67.3,77.8,47,65,53.39292929,61.99714286,42.3,55.60110497,52.75054945,77.3,53.08435374,52.15561798,51.93181818,57.49442623,73,60,60.5
2016,7,TB,55.3,54.8,71.18,78.54444444,78.6,58.17105263,74.05526316,78.5,72.41941176,62.05192308,66.70183486,52.86576087,74.05745856,70.43857143,61.62736486,64.8,60,60.8
2016,7,TEN,62.51333333,81,63.7,71.31860465,80.8,77.89072165,60.32619048,51.7,61.78678161,67.12377622,55.7,56.67717391,47.18685714,58.06357616,59.09269841,81,60,60.5
2016,7,WAS,62.6,83.30722892,69.5,75.7,76.33150685,79.26555556,59.02133333,65.8,61.56894737,49.40884956,46.8,63.42268519,52.61073826,74.30792079,60.52837838,63.6,60,60.3
2016,8,ARI,47.6,62.84788732,71.2,63.8,52.6,46.52465753,76.36338028,84.6,68.48056872,67.74868421,64,56.66923077,62.10542169,85.3968,57.59160839,64.2,60,60.3
2016,8,ATL,57.9,68.72307692,71.4,66.4,67.4,63.31298701,60.02027027,86.5,72.45123457,62.28426966,62.54035088,73.88680556,60.36945813,63.04393939,59.41153846,54.6,60,60.7
2016,8,BAL,0,0,0,0,0,0,0,0,0,0,0,0,0,0,0,0,0,0
2016,8,BUF,71.58701299,76.7,51.4,61.4,59.2,55.12840909,62.98240741,62.44935065,59.23141361,63.64414414,71.64897959,55.04328358,54.39608939,60.44255319,58.61790541,53.9,60,60.4
2016,8,CAR,73.3,62.2,62.60149254,60.8,60.72911392,62.59892473,64.31282051,68,66.63947368,71.42380952,75.02554745,50.19864865,58.54347826,49.9,63.11841155,64.5,60,60.7
2016,8,CHI,62.1,62.7,60,67.9,68.4,74.26601942,69.6,70.3,59.75857143,80.1974359,54.1,73.12139918,54.79880952,67.91450382,63.52200772,64.5,60,60.6
2016,8,CIN,62.6,80.4,65.7,62.46923077,60.1,82.18172043,64.2254902,52.8,63.72066116,56.79710145,66.97248322,69.51658537,50.84980545,67.35956284,62.50186916,62.8,60,60.6
2016,8,CLE,69.04166667,83,50.8,74.852,83.8,64.21717172,65.40641026,64.53888889,61.28444444,52.49756098,72.30204082,70.09377163,65.32,49.78047337,63.27165605,60.1,60,60.5
2016,8,DAL,73.1,92.2,65.8,45.1,67.8,57.34183673,72.97160494,39.8,67.82248804,62.08765432,58.34090909,63.00299401,67.58947368,63.54759036,58.18181818,60.6,60,60.6
2016,8,DEN,63.3,68.7,59.90151515,48.94029851,55.3,59.08974359,59.89222222,47.3,71.00844156,71.59509202,44.87368421,62.56749117,76.408867,71.02058824,59.07291667,64.8,60,60.6
2016,8,DET,56.5,74.5,69.9,48.05555556,70.2,63.73283582,62.14782609,52.1,56.16586826,60.12590361,61.15288462,45.33103448,73.05974843,61.20736196,65.33307692,64.5,60,60.6
2016,8,GB,67.6,66.69206349,65.3,63.9,63.00967742,47.91034483,65.108,83.6,64.87434783,73.0304878,64.8,53.47807692,63.93586957,65.05492958,58.52585551,63.9,60,60.4
2016,8,HOU,58.6,85.8,78,64.12083333,58.8,78.63636364,66.96,67.4,64.39171975,65.7754386,46.09787234,73.47647059,67.7245509,56.82413793,57.8302682,64.2,60,60.5
2016,8,IND,65.92409639,65.7,58.9,64.8,53.6,67.26419753,65.51060606,65.9,63.94098361,58.19285714,71.4027027,65.29051095,62.0452514,51.71149425,57.71676829,56.8,60,60.4
2016,8,JAC,57.8,69.9,57.3,73.3,54.6,63.72,57.29,58.7,63.98952381,47.21461538,62.35217391,44.03181818,56.85408805,52.15,60.26720779,49.1,60,60.3
2016,8,KC,65.916,73.9,67.4,67.30133333,64.5,69.07350427,62.74683544,65.05,57.7877907,60.61184211,70.61428571,67.84398148,62.8516129,67.9375,63.89871795,61.7,60,60.9
2016,8,LAR,0,0,0,0,0,0,0,0,0,0,0,0,0,0,0,0,0,0
2016,8,MIA,0,0,0,0,0,0,0,0,0,0,0,0,0,0,0,0,0,0
2016,8,MIN,61.35081967,67.9,69.81269841,41,50.6,60.24411765,53.63636364,63.6,64.48284024,57.1443609,66.0412844,53.98589744,63.13624161,66.43225806,62.34885496,64.4,60,60.3
2016,8,NE,54.1,71.5,57.27058824,69.33333333,72.3,75.45145631,61.84133333,89.74117647,68.86708075,58.18241206,58.11588785,58.61490683,57.4825,64.90756757,63.26736842,60.4,60,60.8
2016,8,NO,72.23902439,76.3,75,64.1,64.66179775,56.84942529,45.95164835,73.4,77.06721311,72.26428571,47.19805825,66.88789809,63.27368421,62.955,59.68192308,40.2,60,60.6
2016,8,NYG,0,0,0,0,0,0,0,0,0,0,0,0,0,0,0,0,0,0
2016,8,NYJ,52.69756098,59.70410959,60.1,54.03333333,87.1,62.01724138,71.71917808,61.7,71.26146789,62.93975155,68.488,57.33663004,61.4947644,76.38368794,61.57954545,57.1,60,60.7
2016,8,OAK,74.4,66.20733945,75.6,69.56981132,64,69.4475,63.58867925,85.3,70.12723735,46.89831933,62.02857143,75.15555556,49.36079545,65.16315789,57.43274336,72.9,60,60.8
2016,8,PHI,73.44473684,80.96202532,52.8,60.3,77.3,52.31052632,68.29210526,69.9,56.51601942,69.7595092,53.11103448,82.47142857,57.63636364,59.5147929,63.08643068,65.2,60,60.7
2016,8,PIT,0,0,0,0,0,0,0,0,0,0,0,0,0,0,0,0,0,0
2016,8,SD,61.3,54.86363636,75.1,31.7,78.4,58.94242424,64.19462366,52.3,60.90666667,67.06483516,80.425,80.06020761,64.72684564,71.70298507,62.18215488,64.5,60,60
2016,8,SEA,73.1,40.9,86.59636364,57.9,86.7,53.42463768,60.17017544,49,69.47876712,67.50535714,58.45416667,67.70869565,57.33404255,57.1,59.77908745,53.9,60,60.4
2016,8,SF,0,0,0,0,0,0,0,0,0,0,0,0,0,0,0,0,0,0
2016,8,TB,58.2,50.6,68.96811594,76.85555556,77.5,55.01505376,48.63676471,68,68.45517241,59.52334802,51.50748299,66.29594595,49.57108434,48.8,61.34052478,57.8,60,61.6
2016,8,TEN,65.99571429,42.23,69.1,73.6,65,78.37130435,66.61190476,78.31818182,70.34626866,66.46985294,67.4,59.87651515,71.11285714,69.40479042,62.34982935,65.1,60,60.8
2016,8,WAS,38.2,77.3,65.9,60.65319149,70.1,82.12786885,59.26923077,77.3,67.62761506,71.40537634,0,66.42603878,52.91056911,62.23371429,63.46959248,48.4,60,60.8
2016,9,ARI,0,0,0,0,0,0,0,0,0,0,0,0,0,0,0,0,0,0
2016,9,ATL,79.8,64.16973684,76.92328767,77,66.6,72.6627451,61.87157895,89.87260274,77.96242424,68.23932584,59.36820809,67.46447368,51.64757709,61.8601227,58.3609375,63.9,60,60.8
2016,9,BAL,83.3,42.04578313,56.9,67.8,72,54.4617284,53.19638554,51.61571429,71.13872832,63.10740741,68.53333333,63.19487179,63.67619048,73.15,60.41941176,65.3,60,60.7
2016,9,BUF,68.5,69.3908046,58.11460674,48.7,71.5,45.05918367,59.45882353,85.6,72.67378641,71.96952381,60.9,59.72419355,53.15271318,64.73263158,59.24678571,54.7,60,60.6
2016,9,CAR,52.8,47.68208955,59.2,58.7,52.5,70.95764706,59.68055556,66.7,67.351875,64.16423841,66.49173554,73.76233766,62.87849462,60.70294118,59.98604651,59.6,60,60.6
2016,9,CHI,0,0,0,0,0,0,0,0,0,0,0,0,0,0,0,0,0,0
2016,9,CIN,0,0,0,0,0,0,0,0,0,0,0,0,0,0,0,0,0,0
2016,9,CLE,66.2,77.8,74.1877551,62.44444444,49.6,59.30754717,70.152,68,68.30344828,50.5,63.59516129,60.20903427,49.19028571,55.76524823,59.76735537,81.3,60,60.4
2016,9,DAL,62.25853659,77.58,58.3,66.2,69.1,80.81181818,62.44,82.88493151,62.51493506,48.61470588,59.84477612,68.97920792,62.53220339,60.20416667,60.0292887,63.9,60,60.5
2016,9,DEN,59.9,55.6,70.8,28.3,64.7,56.20877193,48.22962963,58.9,64.85534591,49.9505618,70.1,71.35820433,39.37135417,71.33650794,59.73354037,64.7,60,60.6
2016,9,DET,61.6,82.3,60.7,64.63714286,54.7,71.73835616,62.27027027,78.3,62.19944134,61.49726027,64.98571429,61.0965035,61.13604651,64.625,62.55038462,54.7,60,60.6
2016,9,GB,62.3,72.4,73.7,80.6,67.7,63.53802817,66.83787879,59.3,61.10913462,62.91529412,59.1,62.76702128,59.0875,73.18765432,62.76185897,64.5,60,60.6
2016,9,HOU,0,0,0,0,0,0,0,0,0,0,0,0,0,0,0,0,0,0
2016,9,IND,52.7,74.9,66,62.1,60.5,67.83203883,62.40441176,68.6,64.69526627,57.81290323,64.22777778,56.59765258,56.79950495,56.88375635,60.18548387,48.9,60,60.8
2016,9,JAC,63.8,53.8,89.3,54.4,72.14230769,68.43736264,57.84487179,60.9,67.55627907,65.86036036,54.7553719,67.98,66.156,64.3,59.98083624,29.9,60,61.1
2016,9,KC,58.8,60.3,72.1,62.7,58.2,65.99418605,57.8,58.3,59.79130435,72.88247423,52.58783784,70.59692308,61.28156682,61.27135678,61.95201465,61.4,60,60.7
2016,9,LAR,51.5,61.1,65.1,67.18285714,67.8,69.77294118,59.85945946,49.4,59.85865922,62.284375,69.35669291,60.76,50.37457627,47.74545455,55.18122605,64.5,60,60.5
2016,9,MIA,59.4,54.3,61.6734375,78.4,59.6,65.17283951,69.903125,50.6,59.91754386,72.26885246,68.79,68.12622951,56.90886076,62.75555556,59.91575563,64.5,60,60.7
2016,9,MIN,58.6,66.8,61.48918919,58.9,54.1,61.56629213,55.71625,64.4,68.55263158,66.17241379,68.41293103,56.62702703,64.15164835,55.14666667,63.43601533,64.2,60,60.5
2016,9,NE,0,0,0,0,0,0,0,0,0,0,0,0,0,0,0,0,0,0
2016,9,NO,67.81956522,83.1,64.1,69.9,74.2,61.74782609,64.21333333,81.9,70.8404878,71.20253165,52.50847458,62.61438849,57.43333333,66.14357542,62.04345048,65.3,60.1,60.9
2016,9,NYG,71.678125,61.2,70.3,54.99014085,72.7,65.42666667,56.8203125,86,61.94391534,63.71917808,65.11538462,73.29881657,64.91018519,75.92980132,60.09322581,50.3,60,60.6
2016,9,NYJ,59.1,51,67,38.66779661,52.7,48.05,65.24262295,45.00344828,64.52894737,63.93121019,81.71428571,52.65431034,65.08698225,61.69322034,56.95819936,64.5,60,60.7
2016,9,OAK,75.5,67,69.2,53.98837209,54.8,56.54,76.35789474,65.2,67.27083333,68.95168539,64.68461538,69.36666667,61.8883871,68.95,65.3664557,65.1,60,60.8
2016,9,PHI,49.83552632,68.16842105,56.5,72.9,64.1,64.021,63.66933333,57.2,58.65707071,60.72352941,74.9675,65.9259542,57.8703125,61.18624339,64.29228296,64.5,60,67.3
2016,9,PIT,55.3,63.5,64.04782609,62.46666667,79.1,51.31333333,46.98985507,52,61.34754098,56.94285714,49.603125,80.12892857,66.94157303,49.975,54.52412791,61.6,60,60.5
2016,9,SD,69.41538462,61.1,75.6,46.2,57.8,83.63846154,69.73258427,66.9,66.78947368,63.99569892,55.41578947,57.25084034,65.72727273,62.91125828,57.29096045,65.1,60.1,60
2016,9,SEA,73.3,44.8,52.3,56.27916667,52.4,84.81076923,53.16415094,94.5,67.22586207,56.38522167,60.52307692,63.67655502,56.28082192,60.66802326,62.25842294,28.1,60,60.6
2016,9,SF,79.4,62.8,70.8,75,72.1,75.83835616,56.1852459,51.9,62.83373494,47.665625,69.1,59.23607595,60.48643216,70.43854167,60.5392638,63.9,60,60.6
2016,9,TB,47.1,59.4,59.32375,67.22941176,83.4,57.73626374,58.035,66.245,63.94017857,50.28465909,64.65294118,61.02021277,39.58823529,56.76442953,61.81375465,53,60,60.1
2016,9,TEN,62.9,60.4,63.4,57.17323944,75.6,59.07530864,72.77808219,64.2,70.96,72.46540881,35.2,61.05849057,53.75849057,56.83045977,62.25730337,64.5,60,60.6
2016,9,WAS,0,0,0,0,0,0,0,0,0,0,0,0,0,0,0,0,0,0
2016,10,ARI,58.7,66.5,69.8,57.8,66.5,55.79142857,64.63493976,72.8,69.62995169,54.83559322,70.29411765,60.20044248,56.8,69.2,61.66438356,64.5,60,61.7
2016,10,ATL,77.2,75.3,67.5,68.6,39.2,39.73333333,60.00645161,64.7,68.37164179,56.72086331,54.22238806,55.49244444,66.41089109,63.7591716,59.61079137,58.9,60,60.6
2016,10,BAL,62.22553191,64.2,55.9,73.7,53,56.61030928,68.5254902,60.41829268,69.55454545,63.97540984,62.99795918,68.41770335,74.35419847,61.528,64.06096491,64.2,60,60.5
2016,10,BUF,0,0,0,0,0,0,0,0,0,0,0,0,0,0,0,0,0,0
2016,10,CAR,65.5,67.48815789,62.4,70.6,59.4,67.51792453,54.8975,69.3,63.18181818,58.64477612,63.74590164,77.01515152,60.26595745,72.26875,55.79315589,64.2,60.5,60
2016,10,CHI,66.4,56.3,64.2,56.92857143,47.77142857,57.18461538,67.98571429,26.1,63.08947368,67.50422535,78.96052632,69.72006803,57.75416667,55.79903382,59.39930796,63.9,60,60.3
2016,10,CIN,64.5,73.4,64.7,53,74,63.47887324,52.53823529,69.8,59.93239437,61.43891892,73.41304348,73.26168831,69.99140271,74.828,64.62473868,65,60,60.6
2016,10,CLE,65.7,65.6,53.4,60.6,86.4,55.12698413,54.33,63.588,61.83464567,79.2,72.97438017,61.01761518,63.88598131,64,60.97222222,64.2,60,60.2
2016,10,DAL,82.4,63.5,85.73783784,64.8,73.5,76.82555556,69.77540984,75.5,64.87333333,57.91891892,46.49921875,62.62955975,60.75311005,67.57882353,60.08471761,64.2,60,61.6
2016,10,DEN,64.2,71.3,76,43.50240964,73.9,72.1037037,57.24827586,38.1,74.08363636,65.94155844,57.80425532,64.08429319,64.50551181,67.2487395,63.37602996,64.5,60,60.7
2016,10,DET,0,0,0,0,0,0,0,0,0,0,0,0,0,0,0,0,0,0
2016,10,GB,39.7,63.50769231,74.4,80.3,51.53333333,47.76708861,63.14285714,73.29230769,68.76794872,60.16923077,47.7,55.22460317,57.53233533,58.43071429,58.20501393,59.6,60,60.5
2016,10,HOU,61.5,92.3,73.2,55.15384615,53.9,63.94947368,65.52333333,72.4,58.5984375,57.25233645,51.9,66.51273292,67.83627907,60.04782609,61.85243902,64.5,60,60.7
2016,10,IND,0,0,0,0,0,0,0,0,0,0,0,0,0,0,0,0,0,0
2016,10,JAC,69.6,65.8,73.6,60.4,75.8,56.25656566,66.71153846,55.1,65.45539906,53.65507246,65.28928571,65.14311377,59.07266667,70.21587302,59.11568627,63.6,60,60.2
2016,10,KC,67.8,55.8,83.8,69.40606061,76,52.34622642,62.50923077,53.1,56.82312925,66.59545455,62.35684211,70.98507463,74.78064516,75.46084337,64.29111969,73.2,60,60.5
2016,10,LAR,78.8,60,64.5,64.58333333,73,61.40987654,56.05061728,66.1,64.18388889,61.4,66.67692308,65.45806452,58.31243243,60.98859649,62.59516129,49.9,60,60.5
2016,10,MIA,60.17936508,50.4,70.5,65.7,64.6,59.57702703,67.1245283,94.3,78.52362205,60.8186747,75.54966443,61.31206897,56.04059406,55.52115385,60.15749129,76.1,60,60.6
2016,10,MIN,62.3,62.62571429,67.7025641,69.5,69.6,64.78933333,59.0025,61.3,66.69337349,60.79416058,73.7026087,53.98439716,59.67126437,57.4,59.28409091,64.2,60,60.4
2016,10,NE,70.8,62.3,72.9,71.9109589,75.5,77.82727273,64.74318182,66.8,58.74926471,63.595,67.40695652,45.96111111,49.68222222,61.30643275,63.73768116,83.6,60,60.3
2016,10,NO,72.23529412,56.4,65.7,62.8,58.8,60.14246575,60.23090909,65.3,71.80866142,84.50980392,55.62409639,70.48787879,61.76075269,54.70921053,61.68498168,64.2,60,60.5
2016,10,NYG,55.89493671,68.5,66.5,54.4,62.9,49.07837838,66.86,68.6,65.34594595,73.64661017,63.10824742,50.35804196,67.93170732,74.24051724,59.07645051,76.8,60,60.4
2016,10,NYJ,60.2,64.7,61.4,62.9,64.9,64.35517241,63.12702703,41,60.55228426,61.71988304,55.78666667,55.88403756,65.26836158,66.06666667,63.89325397,64.4,60,60.2
2016,10,OAK,0,0,0,0,0,0,0,0,0,0,0,0,0,0,0,0,0,0
2016,10,PHI,65.68043478,79.65125,71.9,74.1,70.5,58.13958333,72.21898734,68.4,58.29029126,67.61150442,60.39772727,64.81315789,54.67920792,68.34477612,62.15142857,47.1,60,60.7
2016,10,PIT,77.3,71.9,57.6,72.03733333,92.6527027,66.89883721,65.45641026,78.84189189,65.09512195,58.37461538,60.69411765,57.43157895,58.41360544,62.17391304,62.2624183,63.9,60,60.3
2016,10,SD,57.94935065,54.7,58.8,45.18181818,55.2,68.9787234,58.68271605,47.1,65.67487685,61.81428571,65.56904762,66.40947867,54.75348837,47.76513761,60.83053691,64.2,60,60
2016,10,SEA,65.4,53.6,81.8,53.58333333,57.8,60.98681319,75.32207792,77.2,66.34166667,61.0975,55.91101695,66.00414201,66.02965517,73.38955224,63.82996255,64.3,60.1,60.6
2016,10,SF,63.1,73.1,71.7,52.5,76.6,72.70625,51.1,66.5,64.25319149,74.80869565,55.3,68.28714286,61.97487437,60.29462366,61.97430556,65,60,60.7
2016,10,TB,42,70.8,62.352,58.1872093,72.4,70.00192308,54.73461538,84.96,69.28846154,67.16111111,68.7755102,78.36141732,74.4254902,64.28035714,63.39047619,65,60,60.8
2016,10,TEN,53.3,44.91269841,61.7,65.2,69.2,80.88282828,64.38076923,83.7,66.94666667,78.20699301,42.1,59.30735294,58.24244898,69.76413043,60.6377907,65.3,60.1,60.9
2016,10,WAS,65.1,81.1,56.7,65.60952381,53.4,76.2,59.93333333,69.6,71.28930818,59.77368421,0,69.66382979,61.82151163,69.19160305,63.39299611,52.1,60,60.7
2016,11,ARI,54.9,41.9,61.57866667,58.9,65.40769231,78.31666667,73.20394737,61.1,59.36606335,63.73306452,48.2,78.34473684,70.42483221,57.9025641,60.99691781,51.6,60,61.5
2016,11,ATL,0,0,0,0,0,0,0,0,0,0,0,0,0,0,0,0,0,0
2016,11,BAL,89.1,76.32241379,81.1,64,82.7,51.92586207,66.68695652,62.7,71.98482759,59.25423729,63.41170213,57.42040134,55.84438503,67.23802817,57.23627119,64.2,60,60.4
2016,11,BUF,67.5,59.4,57.7,56.56956522,53.4,58.68648649,71.90222222,41,58.71082803,60.98761905,65.9,56.65940594,68.6469697,66.82380952,58.01935484,64.5,60,60.5
2016,11,CAR,68.3,72.6952381,66.36231884,60.9,65.1,53.09690722,60.36363636,82.1,65.45859375,69.27837838,64.17631579,68.64857143,69.7545,75.44866667,63.52261146,76.2,60,60.8
2016,11,CHI,77.28888889,71.1,73,49.8,76.8,66.20674157,49.56805556,61.6,65.4038961,66.75925926,0,67.13208955,62.81320755,64.17771429,62.16116838,72.9,60,60.6
2016,11,CIN,62.8,67.7,69.27297297,63.5804878,76,64.31898734,56.37951807,45.7,62.91139896,61.8755102,49.29115044,68.80487805,76.76024845,63.93692308,63.75826772,63.2,60,60.3
2016,11,CLE,63.5,77.8,52,71.43714286,62.9,63.07341772,54.71857143,36.72121212,63.39435028,62.7,61.8814433,57.31254125,53.12329545,65.34671533,60.15747664,63.6,60,60.1
2016,11,DAL,78.7,68.6,65.07228916,64.3,66.4,57.2253012,59.66582278,71.9,73.52209945,58.95363636,47.80957447,48.86904762,55.9,62.04285714,61.23832753,64.8,60,60.6
2016,11,DEN,0,0,0,0,0,0,0,0,0,0,0,0,0,0,0,0,0,0
2016,11,DET,35.8,60.9,51.8,58.48548387,70.42033898,60.13846154,58.82769231,71.6,57.33666667,67.37567568,61.86410256,52.36470588,60.42071006,72.25,60.87962382,65,60,60.8
2016,11,GB,65.8,76,66,78.3,47.46388889,72.56666667,65.58,83.15294118,58.58019802,56.36375,83.2,56.07717391,52.53529412,69.04897959,61.321843,64.2,60,60.5
2016,11,HOU,76.4,69.2,54.76973684,57.88292683,64.2,76.44042553,47.61758242,51.1,62.58578947,51.01764706,39.65,60.41603774,51.2408,62.96610169,59.64980989,63.9,60,60.4
2016,11,IND,47.1,75.1,68.3,61.83870968,58,50.11979167,55.85762712,68,73.20769231,55.80096154,48.10447761,58.93666667,54.99139785,66.14878049,59.11124498,64.2,60,60.8
2016,11,JAC,67.71060606,63.8,68.9,57,42.8,59.7875,59.75820896,56.9469697,62.67784431,66.16,72.09292929,60.25275591,62.91162791,70.59859155,60.26842105,57.1,60,60.6
2016,11,KC,62.6,63.3,68.4,72.8,73.7,62.66486486,60.47377049,70.8,62.54615385,63.36741573,68.00357143,59.80992647,43.85854922,68.24033149,62.70769231,63.5,60,60.3
2016,11,LAR,85.4,46.8,64.2,79.9,69.3,49.92105263,55.79264706,61.7,59.83795181,50.855,70.2017094,67.03333333,54.29310345,81.53902439,62.78586207,64.9,60,60.5
2016,11,MIA,57.5,64.85,62.9,62.5,47.5,60.85365854,60.45932203,64.5,69.59748428,66.36444444,65.45221239,61.99300699,76.7253012,70.3696,55.56586207,53.7,60,60.5
2016,11,MIN,83.1,58.5,70.26333333,48.6,62,55.58450704,65.93026316,65.1,67.83049645,73.925,61.7627907,53.03144654,73.39905213,65.26734694,60.2462069,58.9,60,61.7
2016,11,NE,68.3,81.7,61.4,73.47634409,74.6,49.0975,68.50789474,72.6,65.10171429,64.4,75.33409091,71.19044118,73.69047619,54.54146341,61.50387097,54.4,60,60.6
2016,11,NO,42.34642857,72.3,59.4,69.2,66.1,49.106,63.765,63,63.93870968,81.62921348,62.14518519,70.65588235,69.26341463,54.89090909,57.71380368,59.4,60,60.5
2016,11,NYG,68.60597015,57.86376812,66.1,69.7,64.1,49.01594203,69.05970149,61.2,62.19543147,72.41603053,66.70973451,44.80986842,64.15202312,74.82983871,58.30517241,72.9,60,60.6
2016,11,NYJ,0,0,0,0,0,0,0,0,0,0,0,0,0,0,0,0,0,0
2016,11,OAK,85.10181818,72.2,61.1,78.87910448,68.91967213,57.44516129,66.47460317,88,55.76034483,48.90763359,71.27213115,69.15359477,66.44761905,65.96644295,65.43166023,64.2,60,60.5
2016,11,PHI,73.67102804,69.9,75.2,66,66.1,70.81958763,53.26,53.4,56.01767442,68.71726619,67.67890625,64.41030303,57.2837037,50.61176471,59.9722408,64.2,60,60.2
2016,11,PIT,61.4,79,62.9,71.73703704,73.6,62.82020202,64.06578947,64.1,63.69240506,69.07204301,60.73333333,70.25902256,70.37752809,76.88939394,62.72644231,63.9,60,60.4
2016,11,SD,0,0,0,0,0,0,0,0,0,0,0,0,0,0,0,0,0,0
2016,11,SEA,65,53.89552239,71.3,43.6,67.9,68.67752809,59.46710526,79.86811594,69.33869048,59.26402116,54.18396947,68.42033898,64.99910314,69.978125,60.75053004,80,60,60.8
2016,11,SF,57.1,59.1,49.4,55.7,65.8,75.00470588,63.48888889,52.4,55.64311377,64.12228916,60.82857143,56.45571956,57.91701031,53.76494253,59.57935484,64.9,60,60.5
2016,11,TB,52.53896104,46.3,74.7,64.99012346,73.9,60.875,69.56315789,65,77.21139896,62.26341463,59.61724138,55.38870968,67.98239437,72.74953271,60.60881057,63.9,60,60.5
2016,11,TEN,86.23055556,62.21891892,63.6,67.4,65.3,62.84193548,57.39878049,76.6,65.48305085,66.88139535,80.6,73.81489362,55.2369863,53.44511278,56.79444444,64.2,60,60.4
2016,11,WAS,65.8,73.86666667,69.5,81.4,68.9,69.77962963,53.99850746,89.8,73.55870968,60.09716312,0,59.70698529,73.33989899,48.6459854,61.95034483,58.3,60,60.5
2016,12,ARI,54.1,70.7,55.37014925,38,42.1,65.94142857,77.21764706,63.3,64.23246073,68.96744186,64.71136364,40.47518797,55.01518325,64.3,57.67664234,77.8,60,60.3
2016,12,ATL,82.6,68.08450704,89.4,73.7,77.2,69.74736842,61.6,77,72.23956044,70.94661654,78.6109589,62.59238579,62.8197861,65.56838235,64.46102941,64.5,60,60
2016,12,BAL,65.7,65.22318841,72.6,82.1,70.5,57.08651685,62.4025,62.7,58.0283237,60.77130435,69.26382979,71.94583333,62.58735632,68.67627119,61.85971223,64.8,60,60.6
2016,12,BUF,78.8,60.67241379,60.5,59.5,84.5,72.9625,61.74358974,63.6,64.22403101,62.58272727,86.2,59.82619926,63.53125,52.07384615,58.65992908,64.5,60,60.4
2016,12,CAR,69.45454545,68.6,50.8,71.9,53.3468254,63.52291667,58.20649351,61.4,65.09183673,64.73221477,55.25034014,64.96969697,52.70487805,62.56486486,61.0495356,54,60,60.4
2016,12,CHI,87.3,67.7,57.7,73.8,84.9,56.20618557,60.63793103,85.6,55.77361111,54.18387097,89.5,49.72587719,61.73283582,43.50833333,60.92377358,57.9,60,60.4
2016,12,CIN,67.6,65.5,66.72,52.73589744,80.5,67.92413793,60.99666667,55.3,60.14410256,68.47232704,55.94210526,68.98525641,67.19552846,55.55584416,63.80141343,64.5,60,60.4
2016,12,CLE,69.8,70.5,57.7,68.3,66.52533333,59.80679612,61.78045977,54.57333333,64.67675676,57.66829268,72.56865672,64.11434599,69.33913043,62.90181818,60.94969136,51.7,60,60.5
2016,12,DAL,56.5,74.1,66.1,65.9,80.7,64.03529412,75.559375,88.8,74.91408451,56.75666667,56.9942623,75.41151515,58.41913876,70.74831461,60.48455598,63.9,60,60.5
2016,12,DEN,70.6,65.7,86.3,54.7,40.9,51.17727273,59.74259259,77.8,74.1127451,66.22692308,59.9,66.74054054,70.15701357,52.32287234,57.22941176,45.5,60,60.9
2016,12,DET,47.34590164,65.2,60.3,73.28225806,66.7,58.58695652,63.4875,72.7,71.41169591,57.56031746,60.70754717,82.8042735,78.34630872,64.68285714,60.16419214,65.5,60,60.6
2016,12,GB,61.1,82.7,71.4,62.85972222,39.3,50.87118644,59.364,91.5,74.44358974,53.46774194,66.7,57.50708333,63.72639594,75.55,60.11057692,63.6,60,60.5
2016,12,HOU,63.2,67.3,57.3,44.9125,61.6,67.62,59.3025641,60.2,66.01576087,59.72923077,74.41666667,68.48623853,63.05192308,53.77723577,61.5730038,59.7,60,60.4
2016,12,IND,65.8,71.2,50.38095238,65.96666667,53.1,67.22417582,57.8030303,60.4,64.15432099,57.92325581,71.06428571,43.92247706,58.07985612,42.79578947,58.36712329,58.3,60,60
2016,12,JAC,33.9,60.3,59.4,62.8,68.5,67.50909091,68.27101449,71.8,61.34590164,55.14571429,48.78782609,75.39642857,58.85777778,53.4,61.57758007,64.7,60,60.5
2016,12,KC,64,73,68,56.58586957,64.9,62.08086957,59.384,63.5,59.85862069,65.78321678,62.48235294,77.96385965,51.85174129,54.9704918,64.97184466,62.2,60,60.8
2016,12,LAR,58.8,66.96981132,61.3,50.9,55.6,66.55932203,59.50181818,54.4,62.07284768,53.17635135,69.18435374,52.91027027,52.55666667,51.99805195,62.66666667,64.5,60,60.4
2016,12,MIA,62.36,60.4,62.9,67.4,46.8,65.27012987,55.04754098,92.9,65.03461538,64.60127389,68.42967742,50.44134078,74.192891,66.65512821,63.99618056,60.6,60,60.6
2016,12,MIN,66.68474576,59.2,67.20677966,60.91034483,70.7,65.01081081,69.60769231,57.5,61.00067114,57.43125,70.47755102,71.97272727,54.08554913,67.5266129,61.7762931,63.9,60,60.3
2016,12,NE,56.8,75.6,65.6,71.475,73.2,56.50923077,65.63465347,87.2,69.93641304,74.04715447,67.9712766,64.80578512,67.33461538,67.10300752,63.22537313,64.5,60,60.6
2016,12,NO,65.45555556,76,56.4,78.4,53.4,75.83773585,67.06,83.8,72.01333333,72.92985075,70.45471698,45.17218045,53.4375,78.80955414,60.30031746,54.8,60.1,60.8
2016,12,NYG,68.7,53.13559322,68.50677966,71.4,74.2,68.61166667,60.3,61,67.70316456,73.16041667,80.69851852,52.0972067,63.90917431,67.76375839,62.15362776,58.4,60,60.7
2016,12,NYJ,56.2,0,45.8,62.72608696,64.6,61.25102041,61.71304348,80.9,68.02650602,58.03794872,51.15925926,63.42291667,56.22765957,57.85065789,58.51868132,64.2,60,60.5
2016,12,OAK,85.8,86.2,84.2,56.15454545,72.8,80.04307692,59.14473684,61.92702703,70.38284314,57.67536232,67.44090909,65.0486692,60.69096774,59.83478261,61.6525,64.8,60,60.6
2016,12,PHI,60.1,77.69508197,49.1,68.2,55.9,53.7712766,59.375,62.7,64.34964029,59.30972222,61.69214286,69.62307692,61.37659574,59.9895,61.26028037,63.1,60,60.1
2016,12,PIT,65.91296296,63.5,70.5,71.38450704,69.9,56.37941176,75.76521739,82.63888889,72.425,68.97857143,86.7122807,54.31245136,72.17421384,73.08294574,58.50940594,64.7,60,60.6
2016,12,SD,49.57241379,63.5,61.5,43.7,60.7,51.588,66.5016129,73.6,69.4893617,70.93561644,69.7,65.10369128,68.06096257,75.05740741,66.29122137,64.7,60,60
2016,12,SEA,64.8,61.4,62,65.76507937,42.4,61.50263158,53.82419355,60.1,55.19548023,67.70597015,67.62686567,67.33888889,62.89364162,81.8,59.75377358,92.4,60,60.2
2016,12,SF,63.4,74,61,54.7,61.6,59.16285714,64.89090909,71.6,61.98509615,61.64719101,67.89864865,67.00733945,54.75403727,51.57757009,60.11190476,81.8,60,60.5
2016,12,TB,60,75,59.8,54.965,50.1,59.21826923,48.0119403,74.7,71.62450331,64.00248447,72.3989011,77.22391304,73.37457627,76.49603175,61.47380952,63.9,60,60.3
2016,12,TEN,83.8,60.17352941,65.8,75.6,59.9,71.21772152,59.01585366,83,66.17815126,61.35671642,52.20625,64.035,46.26851852,65.15,62.0984375,56.1,60,60.6
2016,12,WAS,71,57.53924051,70.5,63.9,80.1,83.19793814,59.56184211,83,66.06666667,66.5578125,0,58.08105727,48.52416107,60.31785714,60.89884615,63.9,60,60.6
2016,13,ARI,67.6,69.1,67.9,63.45,0,71.887,65.82771084,84.8,61.04923858,72.75377358,58.87142857,61.42105263,60.00404624,55.75,61.87158273,64.5,60,60.7
2016,13,ATL,72.2,53.02432432,81.6,65.4,46.5,52.13068182,63.68613861,58.2,73.18285714,58.25125,68.51333333,48.30204082,62.45396825,54.84660194,62.99313305,63.1,60,60.5
2016,13,BAL,73.58333333,83.1,68.3,67.5,40.4,74.28571429,75.29506173,77.88472222,64.57287234,73.975,73.32727273,57.40736434,75.41833333,82.9266129,62.85683761,64.5,60,60.7
2016,13,BUF,76.5,75.4972973,66.3,71.9,68.41944444,67.55802469,69.8009901,54.47671233,62.38448276,49.52473118,71.36438356,62.69216418,54.88,43.85,59.33005952,64.5,60,60.5
2016,13,CAR,64.32542373,56.6,59.5,48.9,62,59.41219512,55.17419355,52.24137931,58.6609589,65.77943262,71.87062937,57.23846154,59.61236559,59.05,55.85448029,63.9,60,60.1
2016,13,CHI,56.1,56.4,81.4,66.6,72.89076923,60.24639175,70.90933333,84.3,73.54545455,70.41826923,50.6,59.88518519,68.3,72.62113821,62.10137931,64.7,60,60.6
2016,13,CIN,64,55.22068966,76,57.6,70.2,60.14,65.52051282,91.8,73.95783133,56.90773196,72.36984127,78.68579882,64.9025974,66.38238994,59.60532787,64.3,60.1,60.7
2016,13,CLE,0,0,0,0,0,0,0,0,0,0,0,0,0,0,0,0,0,0
2016,13,DAL,79,82.9,82.84736842,57.2,88.4,56.17714286,63.64237288,78.3,64.3968254,67.49864865,63.49859155,70.12631579,72.05346535,69.07176471,62.49681979,64.5,60,60.4
2016,13,DEN,44.8,76,75.3,54.82622951,52.7,65.53,51.94,36.8,66.82686567,62.58666667,61.2,69.23878205,82.15066079,73.1627027,61.90308642,65.7,60,60.8
2016,13,DET,68.9,76.1,68.8,60.1,75.1,67.44588235,68.2084507,76.1,67.09278351,59.70608108,57.42941176,67.76074766,65.526,74.45371429,61.27411765,64.3,60,60.8
2016,13,GB,86.6,66.7,73.4,66.75081967,69,72.81964286,66.23421053,73.2,65.93677419,81.52820513,59.3,60.70392857,68.26,66.1,61.65159817,51.3,60,60.4
2016,13,HOU,66.2,70.4,58.6,66.42432432,56.7,70.62957746,63.49620253,61.3,54.79883721,59.77570093,50.2046875,55.90604396,61.75279503,67.06290323,60.32600897,59.2,60,60.2
2016,13,IND,56.1,66.5,62.1,70.07818182,68.9,69.1816,60.87361111,88.15068493,71.20357143,55.46578947,62.31707317,60.74117647,64.01142857,83.02792793,62.74393939,62.9,60,60.9
2016,13,JAC,67.1,59.2,70.54285714,63.8,65.9,55.31727273,58.64642857,47.8,55.02212389,60.81538462,70.14736842,63.9557971,61.99562044,64.00267857,62.07566766,71.8,60,60.4
2016,13,KC,75.4,59.3,70,61.15454545,56.5,72.47972973,56.40892857,73.5,64.92807018,48.97564103,43.84519231,59.12432432,52.035,70.20989011,59.25130435,63.9,60,60.4
2016,13,LAR,66.5,73.2,50.8,60.1,66.1,50.34918033,63.3490566,49.1,55.45106383,57.06582278,63.07096774,60.09289617,69.21516588,61.26975309,60.24831804,64.7,60,60.4
2016,13,MIA,38.3,54.4,61.4,53.7,50.4,71.88,76.65254237,43.6,64.53387097,52.97532468,65.8729927,62.84790419,61.73072626,55.45096774,57.03481781,59.3,60,60.1
2016,13,MIN,51.43157895,35.7,55.2,66.5,56,61.08888889,68.34146341,71.44864865,62.57902439,83.35486726,51.02340426,57.51153846,63.73969466,53.36730769,62.78535714,64.7,60,60.5
2016,13,NE,37.5,81.4,70.7,79.69340659,89.6,48.6125,65.71891892,79.4,68.39759615,74.16694915,54.64202899,73.97027027,71.92535211,74.57190083,62.21142857,79.9,60,60.8
2016,13,NO,49.62537313,60.3,75.2,61.6,58.2,62.35915493,64.18169014,75.8,64.58343558,82.90337079,53.32746479,54.59662921,63.24,61.2,59.23270677,63.9,60,60.3
2016,13,NYG,71.4,57.7,69,68,67.3,50.18333333,59.97833333,42,62.36091954,70.68095238,64.37643678,52.49230769,66.48113208,64.30230769,63.32886179,63.6,60,60.2
2016,13,NYJ,77.7,74.9,51.53461538,52.54339623,73.3,61.24186047,51.7516129,34.91730769,53.50193548,55.1509434,78.51217391,56.78897059,53.96280488,56.6,60.11438849,63.9,60,60.9
2016,13,OAK,76.5,80.7,68.8,58.19255319,66.8,64.85384615,65.23417722,85,65.97287234,39.77205882,61.15660377,57.75965517,69.59889503,62.4030303,60.18834356,60.4,60,39.8
2016,13,PHI,65.31904762,81.3,57.8,66.6,63.9,57.64929577,57.61975309,57.5,59.77398844,77.44666667,61.35655738,72.00529801,52.68682171,53.7502994,62.70038911,63.6,60,60.2
2016,13,PIT,72,68,84.8,65.96483516,80.2,71.0980198,51.67294118,81.99452055,64.38757764,58.94074074,56.26666667,66.42625,71.04827586,72.9,54.75084034,59.6,60,60.5
2016,13,SD,51.25892857,66.3,75.1,61.1,66.16181818,72.42857143,74.14833333,72.2,61.03576159,66.74285714,66.11111111,62.3898917,53.84036145,62.03507463,63.4688716,63.9,60,60
2016,13,SEA,53.8,63.86582278,60.1,37.4,70.9,75.85666667,70.03802817,72.55915493,70.73817204,66.49346405,55.35822785,72.76617647,63.70779221,72.58017241,60.21908397,64.6,60.1,60.8
2016,13,SF,67.3,73.3,55.2,50.4,50.3,51.16506024,73.13793103,35.91896552,57.62818792,69.37628866,47.65974026,70.91065574,42.0375,49.24227642,58.40546075,79.7,60,60.4
2016,13,TB,52.1,55.5,43.9,65.99333333,73.6,70.18020833,65.64477612,71.7,69.24802632,68.48347107,66.01919192,56.13333333,58.81677419,63.45,60.74979757,64.3,60,60.6
2016,13,TEN,0,0,0,0,0,0,0,0,0,0,0,0,0,0,0,0,0,0
2016,13,WAS,63.9047619,58.42666667,71.96666667,63,54.6,64.95142857,75.58064516,56.2,67.85151515,75.8,65.2,62.38224299,63.84225352,50.82191781,61.18268551,63.9,60,60.5
2016,14,ARI,71.9,60.74142857,65.4,49.2,39.6,52.39651163,63.00263158,41.6,59.675,67.2559633,59.83684211,59.06757991,62.00393258,65.56551724,56.35214521,42.6,60,60.5
2016,14,ATL,81.4,65.27241379,60.56206897,67.5,68.9,60.33055556,61.39487179,74.03793103,64.34428571,65.12777778,49.5967033,71.62392344,61.53333333,73.45,58.8257764,79.2,60,60.9
2016,14,BAL,75.89736842,75.1,65.9,62.3,58.3,55.0962963,60.49756098,68.1,58.64171123,65.26341463,62.14878049,57.31505376,61.47117647,55.92123288,63.84510386,65.2,60,60.9
2016,14,BUF,70.8,68.59038462,71,70.6,44.9,58.30645161,71.93230769,57.1,57.59473684,55.37184466,59.33030303,52.82081911,70.14880383,60.95619835,61.37061069,80.6,60,61.4
2016,14,CAR,84.3,69.20675676,60.7,53.4,56.4,70.71881188,72.86222222,49.25797101,65.45100671,71.91875,76.85267176,71.41073826,61.8988764,73.23565891,63.57765568,61,60,60.8
2016,14,CHI,63.2,67.3,87.4,69.1,52.4,73.92424242,66.09076923,73,71.08187919,67.58482759,50.7,71.46925795,72.47932961,60.18352941,57.25113122,36.5,60,60.3
2016,14,CIN,74.1,75.70555556,66.4,64.10422535,73.5,75.9375,67.24157303,62.3,62.09152542,51.86785714,64.08571429,60.57862595,68.56521739,70.40925926,59.68226415,50.4,60,28.1
2016,14,CLE,83.8,75.6,57.72631579,84.6,90,59.57260274,60.04761905,43.9,53.19389313,66.73636364,61.47254902,62.24806452,58.46939891,57.34929577,59.73224638,59.8,60,60.3
2016,14,DAL,69.3,70.1,70.77142857,82.3,77.4,61.424,59.16956522,32.2,56.77428571,80.26953125,74.76666667,73.59618321,64.87886598,73.31946309,57.55904059,79.3,60,60.4
2016,14,DEN,82.4,54.7,61.96969697,52.61363636,77.4,55.01571429,51.88035714,70.8,70.24572864,48.76030534,58.2,56.76846154,68.13691275,57.42684564,57.57142857,81.6,60,60.2
2016,14,DET,59.1,60.6,68.9,61.28219178,68.1,55.73012048,65.65205479,70.5,67.24926108,59.34754098,55.08787879,49.67477477,71.13154362,60.77185185,61.8,63.6,60,60.5
2016,14,GB,42,61.05846154,60.2,63.7,73.04237288,66.116,57.15853659,83.20508475,75.65350318,71.99166667,32.8,58.17963801,68.3256917,75.28490566,55.71800766,65.1,60,60.8
2016,14,HOU,68.50909091,81,90.6,64.93023256,70,66.83493976,59.77934783,56.5,60.20467836,57.45714286,71.29272727,74.98603774,60.80326087,74.42763158,63.31372549,64.5,60,60.7
2016,14,IND,71.66849315,71.3,62.3,50.7915493,47.3,57.7525,66.025,62.3,61.50165746,69.59767442,54.73013699,59.63071161,58.62994012,64.06794872,58.32716981,59.4,60,60.5
2016,14,JAC,57.1,44.14393939,55.1,71.6,58.6,54.9,65.35076923,57.8,63.84198895,63.23416667,69.65751634,59.11385542,59.16903226,52.11818182,53.69480519,40.5,60,60.8
2016,14,KC,60.8,68.4,76.7,61.67931034,66.3,76.54615385,63.71038961,85.8,66.76410256,72.97222222,62.18780488,62.80042373,66.34170404,69.75931373,59.16947368,59.7,60,60.4
2016,14,LAR,67.6,75.6,62.5,72.9,59.25443038,58.61294118,57.28571429,46.8,58.55909091,59.93017241,58.00782609,60.2810219,67.54052288,55.54871795,63.52477876,64.4,60,60.3
2016,14,MIA,51.3,53.57741935,43.7,85.2,66.1,57.25079365,66.20819672,50.59333333,71.72873563,76.65128205,69.12903226,51.78198758,53.70427807,69.06056338,64.53389262,61.5,60,60.7
2016,14,MIN,74.06086957,62.1,53.4,61,66.30704225,72.27849462,58.63368421,70.2,66.69179104,57.52298137,71.55436893,65.46753247,60.0480663,56.70746269,65.22051282,52.1,60,60.7
2016,14,NE,64.3,65.1,72.1,69.52840909,59.7,78.01428571,68.85049505,84.9,69.13765432,55.25279503,66.96060606,60.46666667,65.44226804,60.36,63.6115942,64.7,60,60.6
2016,14,NO,54.57777778,75.33538462,76.2,54.8,71.1,51.65652174,60.10273973,45.5,64.69171975,67.15360825,53.02805755,49.42571429,63.78222222,57.98166667,59.68319672,63.9,60,60.3
2016,14,NYG,57.7,66.4,69.4,56.5,51.4,51.82083333,48.52537313,29.4,63.82020725,75.29047619,56.55892857,57.321875,70.93425926,72.9,59.89518519,30.2,60,60.4
2016,14,NYJ,86.2,56.6,84.1,66.55238095,63.95238095,67.13544304,76.07840909,66.2,64.20434783,58.75820896,89.01363636,54.23989899,66.975,55.98034188,61.68547855,64.5,60,60.4
2016,14,OAK,58.29090909,73.4,79.2,53.90465116,73.6,57.49130435,68.33333333,48.2,52.70542986,56.42352941,60.8625,69.82272727,62.08571429,57.8,58.09277978,35.2,60,40.4
2016,14,PHI,74.4,62.1,65,61.24556962,76.8,77.32554745,54.79230769,76.8,61.26797753,64.61145833,70.27395833,58.90961538,53.4761194,60.14693878,57.0147541,62.6,60,60.3
2016,14,PIT,66,72.8,69.9,70.62857143,81.3,66.282,76.635,32.1,67.93862069,63.93461538,60.3,65.16911765,60.07536232,41.16666667,62.56321839,63.9,60,60.6
2016,14,SD,62.90576923,56.7,63.5,62.59384615,56.73975904,64.77093023,57.015625,49.5,66.41235294,63.56111111,61.9,63.45311355,67.47861635,62.83558282,59.62559727,63.2,60,60
2016,14,SEA,59.6,54.54285714,68.5,65.4,69.3,63.43176471,62.61375,38.77183099,58.4625,65.37642857,61.9125,57.73955224,56.14534161,64.25,63.2,48.4,60,60.1
2016,14,SF,64.6,63,54.96119403,70.3,62.2,57.61621622,71.20526316,64.4,60.90519481,67.2328,36.55,55.95803279,74.64342105,64.65,58.42140468,65,60,60.7
2016,14,TB,77.3,69.99113924,77.7,59,86,65.73272727,61.75671642,70,63.63571429,66.9662069,66.24949495,59.26923077,71.42222222,84.75,63.58235294,55.7,60,60.5
2016,14,TEN,90.1,77.54102564,80.3,81.1,73.6,63.08899083,68.2,56.6,63.03464567,59.275,65.70625,71.01269841,65.06938776,66.45037594,60.30379747,50.9,60,60.5
2016,14,WAS,52.6,79.22941176,60.4,58.8,69.4,56.01071429,70.91632653,82.2,77.86212121,66.27116564,70.4,71.170625,60.04722222,59.51146497,58.08962656,63.9,60,60.4
2016,15,ARI,57.2,69.1,59.4,36.4,53.1,71.02622951,66.05131579,90.8,67.79810127,61.30357143,64,74.12570533,59.13487395,61.86569767,56.16968839,64.6,60,60.8
2016,15,ATL,71.3,80.59264706,88.22794118,87.5,87.6,76.93736264,72.57291667,84.40588235,78.95490196,66.76218487,57.70526316,65.53355263,63.48757396,76.86666667,59.91468531,64.6,60,60.9
2016,15,BAL,82.3,70.5,69.17241379,60,58.5,62.35322581,67.4890411,43.4,62.82258065,51.6027027,78.28913043,58.57344633,69.90752212,80.25,60.1344086,64.5,60,60.6
2016,15,BUF,88.8,80,62.8,74.5,64,78.42727273,77.90754717,77.88208955,62.53191489,67.1988764,75,58.16375,65.26875,64.1,60.71828358,82.8,60,60.6
2016,15,CAR,65.53414634,75,0,57.5,56.7,79.72828283,69.19042553,77.4,57.66746988,55.636,68.37938931,59.73172414,65.02685714,70.27265625,62.91773256,61.7,60,60.9
2016,15,CHI,89,68.5,66.40298507,66.9,50.3,55.7974359,65.54411765,73.9,75.35245902,61.60428571,0,57.58135593,39.6,60.09028571,63.77482993,54.2,60,60.5
2016,15,CIN,50.3,75.46451613,65.8,67.45517241,78.8,58.89855072,60.86666667,44.7,65.98476821,55.98313253,62.35597015,58.75967742,55.40416667,64.97006803,59.59489051,63.9,60,60.4
2016,15,CLE,51.8,58.9,67.17627119,60.6,51.9,57.44871795,58.41791045,64.7,58.63888889,57.75849057,52.84897959,47.47590759,59.50680272,63.10514706,60.23759124,81.3,60,60.4
2016,15,DAL,82.9,70.5,78.63095238,75.8,67.4,60.84318182,66.46941176,82.9,65.13903743,60.51491228,74.4516129,68.51755725,48.93072289,74.48897059,60.23118644,64.9,60.1,60.9
2016,15,DEN,52.3,63.5,54.3,54,75.82903226,64.31538462,62.82903226,59,55.66010929,57.42285714,34,67.07964286,65.69662921,59.4575419,59.27453184,55.6,60,60.2
2016,15,DET,64.6,72.3,54.6,70.4,81.7,59.76933333,45.775,75.4,66.1128655,57.93900709,59.40956522,74.37983193,54.48715084,66.03866667,62.29094488,64.2,60,60.4
2016,15,GB,52.00645161,83.4,74.1,68.5,56.22380952,72.66666667,76.00294118,87.4,60.468,53.12954545,59.8,55.68134921,51.32303922,66.9620438,56.27526132,64.8,60,60.7
2016,15,HOU,59.1,73.9,64.3,61.67142857,63.35952381,65.45,60.98269231,59.53214286,63.73944954,51.03461538,61.07894737,73.63495146,61.62847222,78.42903226,61.11412429,64.8,60,60.6
2016,15,IND,67.9,73.27916667,78.29041096,58.7,61.1,74.71727273,64.26760563,84.42142857,65.97710843,63.08481013,69.37735849,62.48823529,71.05121951,76.13188406,58.06347826,64.8,60,60.9
2016,15,JAC,58.91111111,56.7,64.9,77.8,87.6,53.74776119,58.74814815,56.4,54.42657343,55.58613139,63.27119565,77.44782609,67.17473118,65.40714286,60.7545977,76,60,60.8
2016,15,KC,79.5,80.9,72.6,64.73333333,65.2,65.61710526,74.85857143,46.9,61.15735294,63.01269841,55.33469388,45.74958333,67.7077381,78.8721519,62.84453782,64.5,60,60.5
2016,15,LAR,62.09090909,47.5,68.5,54.8,53.50819672,50.6028169,56.92131148,56.035,61.33313253,72.96393443,77.1616,70.02585034,51.68012422,61.24354839,62.61846154,63.2,60,60
2016,15,MIA,62.3,54.4,70.8,55.86451613,65,91.1125,49.87169811,77.7,72.4019802,62.74470588,67.42835821,61.41447368,74.05142857,50.69882353,66.72,65,60,60.7
2016,15,MIN,69.2,65.3,57.2,64.9,78.4,69.78225806,61.14918033,48.8,59.58982036,52.01780822,63.24444444,51.41325967,63.8952381,50.45,60.32379032,63.2,60,60.2
2016,15,NE,60.3,75.3,62.2,63.55930233,72.9,61.32317073,60.19830508,75.6,60.0369697,69.12183099,74.42413793,60.80967742,72.88797814,68.50958904,60.56470588,61.1,60,60.6
2016,15,NO,45.05050505,61.1,64.2,67.9,77.8,54.99156627,63.14528302,73.3,72.30877193,75.15189873,63.0059322,58.91836735,42.11798561,47.68433735,59.90806916,64.9,60.1,60.9
2016,15,NYG,51.7942029,68.1,79,52.7,65.7,59.4826087,52.85,90,68.6478022,72.00779221,63.15217391,59.84620253,71.51237624,60.56168224,61.36801619,51.8,60,60.5
2016,15,NYJ,80.17029703,77.2,61.4,74.4,52.734375,52.61320755,73.88205128,51.62368421,58.06822034,63.56736842,75.57818182,61.3362069,54.3009434,46.57244898,60.18083624,63.9,60,60.3
2016,15,OAK,75.4,78.4,66.6,61.06341463,84.8,62.42727273,51.90759494,59.9,64.57655172,64.56732673,64.64666667,78.28727273,51.48819444,78.5,59.66988417,64.2,60,60.5
2016,15,PHI,76.4,84.04719101,91.14204545,61.1,86,62.01860465,58.55172414,35.4,51.97962963,64.1,57.07807018,74.29777778,61.9965812,52.73636364,62.82720848,63.6,60,60.3
2016,15,PIT,79.8,92.5,66.1,59.65212766,60.69066667,72.83368421,61.5,85.7,70.79473684,57.50422535,56.5,69.76525424,67.23246753,61.57758621,60.49888476,63.9,60.1,60.6
2016,15,SD,60.6,64.72727273,53.7,55.7,64.30363636,65.98915663,42.47833333,81.2,65.50606061,43.59393939,54.59375,67.99616858,63.19933333,45.27163121,61.07894737,64.2,60,60
2016,15,SEA,40.4,53.4,61.7,43.02131148,25.82063492,60.06326531,61.20746269,68.3,64.93142857,64.06381579,63.82134831,59.36771654,73.70935673,62.73410853,57.26075269,63.9,60,60.4
2016,15,SF,86.1,48.59117647,55.4,60.3,50.8,54.27586207,55.84363636,69.1,60.31604938,48.16,34.61935484,62.42638889,55.85930233,47.75508982,59.85932203,52.1,60,61.4
2016,15,TB,73.3,54.7,69.6,52.528125,73.5,76.02405063,58.03278689,49.5,64.90987654,55.25301205,44.46461538,64.33333333,71.65102041,69.64189189,60.88786885,64.2,60,60.5
2016,15,TEN,91.8,82.925,85.4,83.5,56.7,73.17058824,74.69882353,65.2,58.64220779,56.328,55.14545455,64.77929515,66.08201439,55.54765625,64.22798354,63.9,60,60.3
2016,15,WAS,58.8,81.75428571,59,79.4,63.1,45.44411765,56.7953125,77,64.86593407,66.00974026,71.4,54.14781145,60.10412371,52.61549296,59.74016854,64.7,60,60.6
2016,16,ARI,67.7,64.7,59.9,62.9,44.36229508,70.19466667,62.36984127,75.1,72.36708075,72.3005988,75.8,64.22347267,56.60132159,67.3809816,60.70981595,61.3,60,60.9
2016,16,ATL,73.53333333,49.2625,57.5,79.1,85.5,68.68372093,72.41219512,88.1,65.03493151,51.92536232,40.79032258,59.24065934,74.54759615,67.0173913,58.35412541,81.3,60,61
2016,16,BAL,82.3,68.7,50.8,72.3025974,72.6,60.50384615,70.53658537,75.4,58.98315789,57.48484848,58.06666667,56.04979592,54.79675325,71.05,61.99768212,59.7,60,60.5
2016,16,BUF,78.6,89.5,76.4,53.6,75.8,74.87565217,68.59928571,90.3,69.6302439,63.95855856,72.3625,50.1781362,58.90689655,60.95555556,61.905,65.1,60,60.8
2016,16,CAR,93,75.8,83,66.8875,84.4,66.24938272,58.29756098,39.4,62.07653631,65.53135593,54.47720588,60.72515723,58.67870968,64.428,64.2745283,63.9,60,60.4
2016,16,CHI,55.2,63.9,80,56.45142857,63.8,49.88518519,65.52898551,47.4,73.73807107,59.94166667,0,59.85823755,44.5847561,62.37222222,60.91390977,63.1,60,60.2
2016,16,CIN,69.1,66.6,53.23676471,55.32,64.9,59.5,63.35512821,59.2,65.20299401,68.71283784,77.09906542,74.5875,59.72146893,66.6,64.72455516,64.9,60,60.5
2016,16,CLE,53.7,65.5,52.1,69.7260274,54,69.57865169,70.20722892,64.25070423,58.04861878,63.8,75.00481928,63.19381107,72.45192308,69.16050955,64.29068966,60.6,60,60.6
2016,16,DAL,65.5,66.15263158,63.10434783,64.2,72.4,59.24444444,58.37462687,88.3,77.8880597,50.21452991,68.77361111,66.35576923,73.35629139,67.74507042,59.61262799,65,60,61.9
2016,16,DEN,78.8,83.2,75.74193548,40.92,54.01014493,85.275,58.52580645,34.2,58.61122449,63.4522293,67.3,62.38389262,75.28994083,46.45272727,63.80846906,60.3,60,60.3
2016,16,DET,77.37746479,80.3,53.4,63.1,86.3,68.06463415,60.41388889,54.9,58.6278607,60.19,67.35916667,52.38243243,48.06818182,63.09145299,62.59934426,64.2,60,60.5
2016,16,GB,51.2,75.9,65.8,59.68181818,80.8,70.11875,52.78030303,92.16949153,69.66832298,69.33510638,68.9,69.77763158,59.13162393,67.734,61.69198813,65.2,60,60.8
2016,16,HOU,58.5,73.7,67.8,48.64927536,57.4,52.89850746,60.59864865,65.9,52.75172414,55.02954545,71.29344262,72.63726937,74.75714286,62.31409396,61.9311828,61.1,60,60.5
2016,16,IND,84.9,64.3,62.3,59.9,62.45614035,70.80243902,62.99245283,72,61.50140845,54.67580645,62.91052632,63.00704225,49.4015544,53.17468354,61.9130597,76,60,60.4
2016,16,JAC,40.6,67.4,77.30526316,79.5,79.2,61.9025974,59.76486486,65.9,67.62292683,65.5304,69.5020979,62.34521277,72.09125683,53.95,64.44477612,65.1,60.1,60.9
2016,16,KC,69.5,63.25714286,57,72.39135802,78.7,73.69849624,59.53506494,72.4,52.05575758,49.621875,60.21621622,62.41746032,65.70971429,67.86646707,59.44421769,65,60,60.9
2016,16,LAR,68.1516129,73.7,56.8,80.1,80.5,57.61204819,59.81034483,34.3,51.85298013,72.93310811,82.02635135,53.93548387,68.7,59.32767857,63.29468439,57.4,60,60.5
2016,16,MIA,62.3,70.8,54.3,66.10714286,55.2,63.64756098,86.25857143,53.8,71.57303371,48.30050251,58.52601156,45.81458333,59.38935185,53.78532609,63.42178771,65.3,60,62
2016,16,MIN,50.6,59.3,58.9,70.6,57.74683544,62.77961165,60.67341772,74.1,67.46859903,57.17573529,58.682,77.01679389,57.93658537,48.5,61.7916185,64.5,60,60.5
2016,16,NE,67.00405405,70.80123457,72.6,83,77.1,73.22054795,63.71826087,87.06486486,62.04057143,54.63833333,62.83913043,61.85,79.351875,72.10735294,59.65333333,65.1,60.1,60.8
2016,16,NO,79.26966292,79.1,78.1,76.1,58.3,65.38311688,68.69607843,85.2,66.30759494,68.1969697,57.9032,46.63178808,57.14852941,75.4325,60.14440154,64.2,60,60.5
2016,16,NYG,46.50652174,69.5,72.7,36.8,60.7,47.5,62.00561798,55.8,68.97905138,61.59655172,59.62578616,54.09647887,73.3689441,71.50833333,61.03772242,64.2,60,60.6
2016,16,NYJ,69.1,60.2,53,72.1,78.80714286,53.93333333,59.7779661,55.87142857,55.37784431,64.81878453,45.64444444,54.26718147,67.50928962,58.53548387,62.50034247,63.6,60,60.1
2016,16,OAK,68.5,71,76.9,61.08333333,69.4,53.00759494,71.49058824,76.95,67.29846939,53.73763441,64.32307692,61.95515695,53.17181208,78.77142857,60.49724409,64.8,60,60.6
2016,16,PHI,68.17846154,62.9,59.5,88,77.2,60.91702128,59.7245614,53.075,59.58264463,71.57058824,64.57349398,64.94791667,66.98518519,73.28394495,62.13274021,60.1,60,60.5
2016,16,PIT,76.5,78,64.5,70.77058824,73.4,75.81029412,74.64347826,77.5,66.34895105,58.8,69.7,58.8013245,66.96767677,59.45584416,59.24733333,64.5,60,60.7
2016,16,SD,61.60136986,63.3,55.876,71.7,63,73.58555556,55.07631579,71.6,67.72662722,57.4056338,77.46666667,63.49831081,69.59521277,64.06807229,60.25559322,64.8,60,60
2016,16,SEA,41.3,38.7,54.4,67.7,57.49418605,59.20736842,63.19347826,76.5,69.94711111,70.78066667,66.39230769,68.30218978,59.89938272,60.64666667,64.38862275,39.2,60,60.6
2016,16,SF,39.8,30.8,35.3,68.7,55.44,66.17078652,52.36025641,80.1,62.82163462,62.78055556,58.4,69.63393665,86.51283784,61.50967742,56.32880795,79.3,60,60.5
2016,16,TB,81.83606557,71.89393939,71.4,60.6,72.3,66.65384615,65.43278689,62.2,75.69932432,44.05131579,57.71221374,65.37688172,59.58,57.12183099,61.11596958,63.9,60,60.4
2016,16,TEN,53.4,66.27808219,61.9,65.5,55.8,56.62358491,55.86385542,43.95070423,63.23719512,63.95811966,51.44482759,56.90035587,52.16512821,68.60567376,60.8517341,66,60,60.5
2016,16,WAS,70.8,79.60657895,61.42238806,70.2,58.9,57.792,60.7943662,85.6,68.00888889,54.4618705,50,55.26524823,61.7255,61.61449275,58.07747036,64.6,60.1,60.8
2016,17,ARI,67.42739726,76.76285714,62.7,36.2,69.9,58.50232558,60.11232877,64.78857143,68.12234043,71.77142857,62.98837209,79.24697674,75.90824176,90.9,59.35830816,65.5,60.1,61
2016,17,ATL,62.5,58.2,87.9,75.2,78.9,56.45903614,66.82916667,85.5,77.05548387,58.46049383,60.90648148,61.24676617,72.22036199,69.28193548,59.20121951,57.4,60,60.9
2016,17,BAL,75.5,78.41265823,72.2,56.7,62.1,68.53111111,67.85421687,51.62739726,63.47311828,61.81428571,72.20547945,57.20289855,54.97683616,70.7673913,60.76860465,63.6,60,60.1
2016,17,BUF,75.8,55.4,69.1,52.05230769,60.1,46.26125,51.62048193,35.82539683,59.248,62.57623762,62.64117647,69.64504132,56.815,45.95588235,58.91149826,80.9,60,60.3
2016,17,CAR,62.52777778,65,59.7,71.7,81.4,59.49418605,56.32439024,56.2,69.04055556,67.40555556,70.28412698,66.56315789,64.22392638,70.2,62.01111111,47.9,60,60.6
2016,17,CHI,58,64.5,87.1,61.96721311,80.3,60.10232558,74.72666667,45.98644068,64.69675325,63.55,0,66.29061224,58.31889764,68.70736196,58.20921053,63.2,60,60
2016,17,CIN,65.36944444,67.4,52.4,52.75769231,77.9,66.5,67.10967742,61.2,69.40056497,64.20846561,63.63428571,67.36265823,70.5315534,71.97655172,61.625,80.8,60,60.6
2016,17,CLE,73.6,80.8,64.6,71.49873418,62.07341772,71.55816327,61.97906977,69.3,63.19607843,63.32,66.85263158,66.10584416,60.490625,59.8125,60.34952077,56.2,60,60.6
2016,17,DAL,66.9,50.9,63,47.4,53.6,49.82857143,60.37352941,50.56785714,63.71025641,38.15671642,37.78979592,68.6772973,68.75611111,65.76842105,58.09263158,59.7,60,60.4
2016,17,DEN,66.8,73.1,79.53243243,58.3,60.22162162,70.05425532,56.39545455,56.3,62.35752688,57.73,73.1125,78.3004902,64.82406015,67.52698413,61.51918367,56.4,60,60.6
2016,17,DET,50.04545455,73.5,61.5,47.65909091,81.3,69.31830986,67.1,57.8,68.68205128,55.074375,55.66785714,48.64370861,54.0410628,59.9988024,63.91857143,73.5,60,60.7
2016,17,GB,76.7,80.1,57.5,54.56133333,64.8,72.78666667,66.69883721,76.2,67.97383178,66.3943662,64.1,62.86869919,66.14143646,46.14715026,59.93607143,64.5,60,60.5
2016,17,HOU,57.30425532,68.3625,65,53.6,60.1,49.09090909,64.15466667,53.80135135,65.41443299,69.54776119,68.99615385,61.71952381,64.67591241,52.76014493,64.0851711,63.9,60,60.4
2016,17,IND,69.6,86.1,60.8,67.3,31,72.63796296,54.05294118,75.8,68.45139665,62.94693878,79.51403509,64.69050847,61.63236715,52.13972603,59.872,73.1,60,60.8
2016,17,JAC,44.8,57.7012987,57.34657534,72.2,69.5,57.3109589,69.78630137,57,70.3627907,51.82518519,75.58613139,77.51297297,62.76187845,65.4,63.2735786,60.5,60,60.7
2016,17,KC,54.096875,69.3,77.2,68.7,71.15483871,52.38297872,69.86060606,83.86557377,71.46527778,63.86410256,60.85925926,57.07212389,74.52701149,64.10718563,62.84021739,47.1,60,60.8
2016,17,LAR,42.3,58.2,49.9,65.48333333,56.3,49.77313433,65.18135593,36.44,53.06348315,72.42272727,60.49791667,53.11324503,63.83768116,64.12634146,63.07707736,47.5,60,61.8
2016,17,MIA,58,71.9,49.3,74.3,52.1,42.01016949,61.19666667,62.4,66.06363636,64.70344828,52.16538462,51.36878981,50.30693642,64.7259542,58.89513109,63.9,60,60.2
2016,17,MIN,62.66666667,61.6,62.1,63.925,67.9,74.87777778,66.10138889,72.47142857,57.2037037,62.25441176,54.83142857,52.57266187,73.69887006,63.54854369,63.38403756,64.3,60,60.6
2016,17,NE,61.5,86,70,75.22112676,77.48955224,69.50857143,58.85862069,88.76567164,69.44655172,67.2231405,69.553125,61.77142857,72.70909091,64.21615385,58.81254902,64.5,60,60.7
2016,17,NO,66.77303371,70.9,64.9,67,68.8,52.71860465,67.99425287,51,72.192,57.16521739,46.73688525,59.44689266,56.43149606,45.67804878,61.57083333,77.6,60,60.5
2016,17,NYG,71.3,60.29189189,72.5,55,66.38108108,59.03333333,61.37916667,71.1,67.58396226,65.67692308,64.14369748,70.4047619,62.92704082,40.7627907,58.14587814,75.1,60,60.5
2016,17,NYJ,80.1109375,62.9,57.1,60.66111111,60.8,55.60597015,69.6546875,64.9,62.56167665,78.67571429,64.45405405,73.41341991,68.80625,62.5456,62.32080292,33.9,60,60.8
2016,17,OAK,50.5,57.6,55.2,59.92191781,72,49.57014925,59.07719298,41.31698113,63.38984375,54.71742424,54.45636364,66.6240678,61.06010929,64.90827586,62.49019608,51.7,60,60.1
2016,17,PHI,78.1,93.65925926,87.8,71.5,82.6,70.80518519,60.66578947,66.2,54.35304878,69.53846154,69.18224299,82.92357724,57.36733333,67.7440678,62.67028986,64.8,60,60.7
2016,17,PIT,68.7,69.8,67,67.93896104,50.7,58.22375,61.87777778,68.6,69.78994709,53.73653846,61.48571429,71.82692308,65.63913043,59.46878981,59.32265372,61.5,60,60.6
2016,17,SD,54.6,66.1,71.8,70.32121212,77.5,75.28222222,70.324,51.5,63.41288344,61.09636364,46.13962264,61.77649254,51.36601307,73.95211268,56.52172414,63.5,60,60
2016,17,SEA,71,75.4,74,74.1,44.73846154,79.63372093,68.26,71.8140625,63.10377358,67.68239437,72.00098039,61.23636364,71.13352601,73.7,58.33908795,28.4,60,60.7
2016,17,SF,58,67.6,41.7,72.3,47.6,55.52608696,61.91803279,51.7,64.33657143,62.68514851,67.60126582,62.6041841,59.74842767,64.45263158,62.86210191,64.5,60,60.5
2016,17,TB,32.94090909,59.5,65.1,68.23880597,81,54.09318182,64.33968254,56.6,64.104375,62.39757576,62.60535714,60.44166667,67.88108108,82.50428571,58.44589552,64.7,60,60.8
2016,17,TEN,76,72.28823529,67.6,62.3,58.5,64.09677419,55.51282051,65,62.82834646,69.28932039,62.42714286,73.39017544,55.87589744,71.1572327,60.48007813,64.8,60,60.6
2016,17,WAS,41.4,65.38548387,58.5,70,59.6,78.15322581,53.95090909,69.4,62.78741722,66.40820896,76.18181818,66.31557093,58.8995283,77.98367347,63.64964539,64.7,60,60.5
